"Threat_Source","Direction","Pattern","Medium","Attack_Strength","Propagation_Speed","Impact","Mutation","Vulnerability_Score","Risk_Score"
"Misconfiguration","Cross","Circular","USB",8.44,2.41,49.65,1,4.92,5.49
"Insider_Attack","Upward","Random","USB",5.31,8.31,95.42,0,3.92,7.46
"Weak_Password","Backward","Hybrid","Internal_System",1.03,6.67,74.92,0,4.09,5.05
"Virus","Downward","Random","Cloud",8.98,5.69,69.81,1,7.67,7.39
"Unpatched_System","Backward","Random","Email",3.81,7.74,15.48,1,4.28,3.74
"Misconfiguration","Cross","Hybrid","Network",2.64,9.05,96.99,0,1.06,6.59
"Insider_Attack","Cross","Circular","Cloud",8.62,4.24,98.72,0,7.38,8.12
"Weak_Password","Backward","Linear","Internal_System",3.03,8.66,88.7,1,2.92,6.48
"Weak_Password","Upward","Circular","Cloud",5.8,8.49,10.64,1,4.67,4.33
"Malware","Downward","Linear","Cloud",6.38,4.15,72.69,1,2.2,5.87
"Insider_Attack","Cross","Circular","Email",2.8,9.06,84.06,0,4.84,6.5
"Weak_Password","Cross","Circular","USB",9.1,5.37,77.35,1,7.32,7.63
"Hacker_Human","Backward","Linear","USB",5.66,9.7,95.19,0,8.76,8.32
"Insider_Attack","Cross","Linear","USB",4.64,9.97,28.08,1,5.16,5.03
"Insider_Attack","Upward","Linear","Email",6.61,5.95,58.91,1,8.99,6.43
"Insider_Attack","Forward","Circular","Cloud",5.05,9.47,46.24,1,3.21,5.58
"Data_Leak","Backward","Circular","Network",8.77,4.41,60.34,1,4.86,6.41
"Hacker_Human","Downward","Random","Email",9.11,1.25,80.77,0,4.42,6.66
"Virus","Cross","Linear","USB",2.52,1.41,67.53,1,2.8,4.02
"Virus","Cross","Linear","Internal_System",1.67,7.07,18.79,0,9.32,3.6
"Data_Leak","Backward","Circular","Cloud",8.84,3.04,19.05,1,6.86,4.71
"Hacker_Human","Forward","Hybrid","Internal_System",1.93,2.98,74.53,1,8.28,4.98
"Unpatched_System","Backward","Random","Email",3.3,9.84,90.67,0,2.79,6.86
"Hacker_Human","Forward","Random","Internal_System",9.25,1.01,73.98,1,5.2,6.46
"Virus","Upward","Hybrid","Network",7.48,1.13,50.73,0,8.75,5.37
"Malware","Forward","Random","USB",4.62,9.64,14.73,1,3.56,4.26
"Malware","Backward","Random","Email",2.01,6.48,63.9,0,6.66,5.12
"Malware","Upward","Circular","USB",9,2.87,69.59,0,6.52,6.71
"Phishing","Backward","Linear","Network",7.27,8.62,43.58,1,8.59,6.51
"Insider_Attack","Downward","Linear","USB",9.49,1.51,34.8,1,7.99,5.34
"Unpatched_System","Cross","Linear","USB",9.87,2.14,77.72,0,8.04,7.3
"Malware","Forward","Circular","Internal_System",5.4,5.55,31.42,0,6.4,4.63
"Hacker_Human","Backward","Hybrid","Internal_System",8.38,2.57,54.02,1,7.68,5.96
"Weak_Password","Downward","Linear","USB",1.6,9.86,13.78,1,9.62,3.97
"Insider_Attack","Backward","Random","Email",4.4,9.27,87.88,0,5.03,7.19
"Hacker_AI","Upward","Hybrid","Network",2.51,2.13,71.75,1,2.94,4.34
"Weak_Password","Cross","Hybrid","Network",8.44,7.37,46.06,0,4.83,6.33
"Unpatched_System","Backward","Random","USB",1.39,1.08,75.74,1,8.73,4.54
"Unpatched_System","Downward","Linear","Cloud",9.09,9.4,64.21,1,4.32,7.61
"Unpatched_System","Backward","Hybrid","Cloud",5.5,7.69,69.24,1,3.48,6.31
"Weak_Password","Cross","Random","Email",3.16,2.5,91.21,0,3.05,5.4
"Data_Leak","Cross","Circular","Internal_System",8.31,5.03,20.93,1,4.63,4.8
"Insider_Attack","Backward","Random","Cloud",5.63,5.51,61.83,1,8.95,6.16
"Hacker_AI","Downward","Hybrid","Email",1.66,8.13,91.75,1,3.83,6.18
"Unpatched_System","Forward","Hybrid","Internal_System",4.71,5.3,57.31,0,6.15,5.38
"Weak_Password","Cross","Random","USB",5.62,6.66,89.75,1,9.8,7.59
"Malware","Downward","Circular","Cloud",4.96,5.21,55.14,1,1.87,4.92
"Data_Leak","Downward","Circular","Email",9.87,5.31,55.64,0,8.18,7.07
"Virus","Forward","Hybrid","Internal_System",6.44,5.81,55.52,1,4.29,5.74
"Malware","Backward","Hybrid","Network",9.6,5.53,42.41,0,4.28,6.11
"Virus","Upward","Circular","Cloud",5.47,9.45,35.33,1,7.79,5.72
"Virus","Upward","Random","Email",1.02,8.29,21.51,1,2.75,3.1
"Malware","Forward","Hybrid","Network",4,8.31,18.35,1,6.25,4.22
"Phishing","Upward","Circular","USB",9.77,1.81,20.1,1,1.19,4.22
"Insider_Attack","Forward","Linear","Cloud",7.26,4.94,41.22,0,8.31,5.65
"Malware","Backward","Linear","Internal_System",7.01,7.99,68.6,0,2.63,6.71
"Virus","Downward","Random","Network",4.98,2.72,98.79,0,8.83,6.87
"Unpatched_System","Forward","Random","Email",9.15,5.13,95.94,0,9.73,8.58
"Data_Leak","Upward","Circular","Internal_System",9.64,5.96,33.75,1,4.9,5.92
"Weak_Password","Cross","Linear","Network",8.3,2.6,33.71,0,6.09,4.97
"Hacker_Human","Backward","Hybrid","Email",6.35,6.46,73.43,0,1.78,6.31
"Phishing","Backward","Random","USB",8.73,2.29,42.13,0,5.48,5.31
"Virus","Cross","Hybrid","Cloud",9.76,6.37,44.57,1,2.18,6.2
"Phishing","Upward","Random","Email",7.15,6.34,26.11,0,1.66,4.62
"Phishing","Backward","Linear","Email",3.8,1.86,13.22,1,4.52,2.49
"Malware","Backward","Hybrid","Cloud",6.61,5.01,91.87,0,8,7.46
"Phishing","Downward","Hybrid","Network",1.04,2.52,65.09,0,1.39,3.56
"Unpatched_System","Downward","Circular","Email",9.65,4.09,69.28,0,5.99,7.08
"Misconfiguration","Downward","Random","Internal_System",4.92,9.78,99.54,1,4.63,7.88
"Unpatched_System","Cross","Random","Cloud",7.24,9.54,35.03,0,9.42,6.42
"Misconfiguration","Cross","Random","Cloud",8.29,2.45,15.38,1,4.64,4.06
"Phishing","Upward","Linear","Internal_System",3.39,8.64,40.8,1,6.06,4.98
"Misconfiguration","Cross","Random","Cloud",8.62,8.18,18.6,0,4.35,5.4
"Misconfiguration","Upward","Random","Internal_System",5.6,3.93,93.62,1,5.4,6.75
"Insider_Attack","Upward","Hybrid","Email",7.77,2.88,73.89,1,6.52,6.51
"Data_Leak","Forward","Hybrid","USB",2.95,1.38,98.15,0,8.92,5.98
"Unpatched_System","Forward","Hybrid","Cloud",4.18,4.56,60.78,0,1.82,4.78
"Misconfiguration","Downward","Circular","Network",7.18,1.76,38.62,0,5.79,4.63
"Insider_Attack","Backward","Random","Cloud",2.6,1.41,34.26,1,4.39,2.87
"Virus","Upward","Hybrid","Cloud",1.43,6.67,47.3,0,8.4,4.5
"Misconfiguration","Backward","Random","USB",2.89,1.09,90.09,1,1.5,4.84
"Misconfiguration","Backward","Linear","Cloud",2.35,5.96,97.21,0,3.39,6.12
"Unpatched_System","Cross","Circular","Internal_System",5.59,6.64,83.62,1,5.06,6.86
"Weak_Password","Forward","Hybrid","USB",1.38,6.51,64.73,1,9.7,5.28
"Phishing","Backward","Linear","Network",2.99,8.04,80.7,1,1.13,5.85
"Hacker_Human","Backward","Circular","USB",8.16,2.38,92.5,1,7.56,7.38
"Data_Leak","Cross","Linear","Network",8.66,8.34,96.28,1,7.99,8.92
"Data_Leak","Cross","Random","Network",7.53,1.92,63.42,0,8.47,6.03
"Hacker_Human","Cross","Circular","Network",4.45,2.34,31.55,1,7.17,3.78
"Virus","Cross","Linear","Email",7.76,8.46,86.77,1,3.52,7.84
"Insider_Attack","Upward","Hybrid","Cloud",2.24,1.94,43.03,0,7.72,3.55
"Misconfiguration","Upward","Hybrid","USB",7.72,6.37,88.19,1,8.22,7.94
"Phishing","Forward","Linear","Internal_System",4.92,7.24,50.82,0,9.41,5.9
"Insider_Attack","Upward","Random","Cloud",6.58,5.35,26.02,1,3.77,4.46
"Data_Leak","Backward","Hybrid","Internal_System",1.05,7.69,89.64,0,3.82,5.82
"Hacker_AI","Backward","Hybrid","Email",2.09,4.09,54.78,1,3.25,3.96
"Data_Leak","Forward","Hybrid","Email",5.93,4.01,39.95,0,9.04,5.08
"Weak_Password","Upward","Circular","Internal_System",6.54,6.26,15.79,0,7.98,4.64
"Misconfiguration","Forward","Circular","USB",6.24,8.35,34.61,0,6.36,5.56
"Virus","Upward","Linear","Cloud",3.26,1.21,37.83,0,9.06,3.64
"Weak_Password","Upward","Circular","USB",7.46,5.05,50.03,1,9.57,6.21
"Misconfiguration","Downward","Hybrid","Internal_System",5.51,6.86,16.52,0,5.35,4.22
"Weak_Password","Cross","Random","Network",7.92,3.85,18.6,1,9.5,4.84
"Data_Leak","Cross","Hybrid","Email",8.59,1.39,32.57,1,5.44,4.7
"Virus","Backward","Hybrid","Cloud",8.2,3.53,81.8,0,7.96,7.23
"Malware","Downward","Circular","USB",6.09,8.5,80.49,1,6.84,7.43
"Hacker_AI","Cross","Linear","Email",7.65,6.67,71.75,1,4.12,6.91
"Misconfiguration","Cross","Hybrid","Internal_System",1.77,8.98,40.71,0,7.73,4.73
"Hacker_Human","Downward","Random","USB",9.94,4.82,47.5,1,1.19,5.96
"Phishing","Upward","Circular","Email",2.33,9.68,99.58,1,6.03,7.22
"Misconfiguration","Cross","Hybrid","Cloud",3.31,9.98,70.8,1,2.26,6.05
"Malware","Backward","Hybrid","Cloud",3.31,9.75,42.61,0,9.04,5.55
"Malware","Upward","Hybrid","Email",1.91,3.49,28.06,0,3.19,2.71
"Unpatched_System","Downward","Linear","Internal_System",1.45,5.93,68.26,1,9.3,5.28
"Misconfiguration","Forward","Random","Internal_System",4.93,2.27,89.66,1,8.4,6.36
"Insider_Attack","Backward","Linear","Cloud",7.44,6.21,47.96,1,5.45,5.94
"Phishing","Upward","Circular","USB",9.48,2.8,43.72,1,2.87,5.44
"Insider_Attack","Forward","Linear","Internal_System",4.89,4.14,70.57,1,7.1,5.83
"Unpatched_System","Backward","Random","Internal_System",8.33,9.39,47.64,0,7.73,7.06
"Hacker_AI","Forward","Hybrid","USB",1.13,3.06,88.87,1,3.19,4.82
"Hacker_Human","Upward","Linear","USB",3.42,5.54,39.42,0,4.55,4.17
"Data_Leak","Cross","Linear","Network",5.12,9.4,35.29,0,4.33,5.26
"Misconfiguration","Upward","Random","USB",2.36,8.09,75.73,0,6.55,6.01
"Phishing","Cross","Linear","USB",7.24,5.09,20.48,1,7.29,4.74
"Insider_Attack","Cross","Linear","Network",8.42,9.07,87.03,1,4.7,8.29
"Hacker_Human","Upward","Circular","Internal_System",9.15,9.39,56.72,1,2.24,7.12
"Hacker_AI","Forward","Random","Email",3.95,1.7,40.04,1,9.27,4.05
"Insider_Attack","Upward","Hybrid","Internal_System",1.31,4.37,93.62,0,8.36,5.85
"Misconfiguration","Cross","Random","Internal_System",1.9,2.45,68.08,0,3.65,4.15
"Hacker_AI","Cross","Linear","Network",5.59,7.7,73.32,0,9.86,7.14
"Malware","Downward","Hybrid","Email",3.08,3.56,44.31,0,6.09,4.02
"Hacker_Human","Cross","Linear","Cloud",9.25,1.11,17.87,0,7.15,4.43
"Hacker_Human","Forward","Hybrid","Network",1.16,3.56,59.09,0,5.16,3.94
"Hacker_AI","Upward","Random","Email",5.17,3.67,16.82,0,3.63,3.32
"Misconfiguration","Downward","Hybrid","Internal_System",9.28,7.92,79.73,1,6.06,8.16
"Unpatched_System","Downward","Random","Internal_System",8.17,5.19,26.43,0,6.79,5.23
"Unpatched_System","Forward","Hybrid","Email",2.39,3.71,33.39,0,3.21,3.12
"Malware","Backward","Random","USB",5.68,3.21,70.02,1,3.04,5.45
"Misconfiguration","Backward","Hybrid","Email",1.12,7.48,81.88,1,3.39,5.45
"Misconfiguration","Upward","Random","Internal_System",1.04,1.32,98.56,1,6.12,5.13
"Misconfiguration","Upward","Random","USB",4.97,1.81,27.78,1,1.73,3.14
"Malware","Downward","Hybrid","USB",4.23,2.71,23.84,0,6.49,3.41
"Malware","Forward","Circular","Internal_System",8.54,7.46,75.63,0,5.45,7.62
"Hacker_Human","Cross","Circular","USB",2.5,8.44,66.28,1,7.32,5.82
"Insider_Attack","Backward","Hybrid","USB",4.56,6.27,90.99,1,2.6,6.52
"Hacker_Human","Backward","Linear","Email",7.92,9.62,96.21,0,7.33,8.88
"Weak_Password","Upward","Hybrid","Email",7.04,2.16,46,1,9.55,5.34
"Unpatched_System","Cross","Circular","USB",7.47,6.51,16.23,0,4.83,4.68
"Phishing","Forward","Linear","Internal_System",6.61,7.01,48.02,0,9.94,6.3
"Malware","Forward","Linear","Cloud",6.15,2.36,64.61,1,7.06,5.61
"Weak_Password","Backward","Random","Email",6.86,2.24,55.34,1,3.57,5.08
"Insider_Attack","Downward","Random","Email",6.73,2.49,44.13,1,9.37,5.22
"Malware","Forward","Hybrid","Internal_System",6.78,7.67,68.46,1,2.14,6.52
"Insider_Attack","Backward","Hybrid","Email",2.09,8.62,90.04,0,1.99,6.15
"Phishing","Forward","Linear","Internal_System",2.66,9.64,56.33,1,8.41,5.82
"Unpatched_System","Forward","Linear","USB",8.02,6.53,94.53,1,6.4,8.13
"Phishing","Downward","Random","Internal_System",3.58,9.81,26.86,1,9.33,5.04
"Virus","Cross","Linear","Cloud",1.68,5.49,36.01,1,6.87,3.73
"Malware","Cross","Random","Cloud",3.15,4.55,42.45,0,7.21,4.27
"Misconfiguration","Cross","Circular","Network",8.65,6.36,51.56,1,6.69,6.6
"Hacker_Human","Forward","Linear","Email",5.23,8.65,94.01,1,6.99,7.76
"Phishing","Forward","Linear","USB",1.35,5.22,52.49,1,1.16,3.66
"Insider_Attack","Backward","Hybrid","Email",2.55,4.82,45.3,1,4.68,4.01
"Hacker_AI","Downward","Circular","Network",9.9,9.99,31.96,0,4.74,6.72
"Data_Leak","Backward","Hybrid","Internal_System",5.5,9.06,36.99,0,6.91,5.63
"Phishing","Backward","Linear","USB",7.88,4.19,22.11,0,8.79,4.97
"Malware","Forward","Random","Internal_System",1.57,8.15,50.37,0,3.62,4.48
"Insider_Attack","Forward","Linear","Cloud",5.94,1.52,48.22,0,7.21,4.74
"Data_Leak","Downward","Random","Network",5.85,2.11,39.11,1,3.2,4.06
"Insider_Attack","Downward","Linear","Email",6.28,9.08,67.72,0,8.25,7.23
"Misconfiguration","Cross","Hybrid","Internal_System",1.57,2.14,64.81,1,1.76,3.67
"Phishing","Downward","Random","Email",9.25,5.08,13.34,1,5.09,4.83
"Malware","Backward","Random","Network",1.83,3.11,55.44,0,5.22,3.91
"Virus","Forward","Random","Internal_System",1.19,4.47,71.15,1,9.09,5.01
"Malware","Forward","Circular","Cloud",7.54,1.24,39.47,1,5.12,4.6
"Malware","Downward","Linear","Email",6.73,4.81,97.64,1,1.57,7.04
"Malware","Downward","Circular","USB",5.15,4.49,60.92,0,7.03,5.58
"Hacker_Human","Downward","Random","Network",5.35,4.66,37.01,1,4.55,4.47
"Data_Leak","Forward","Linear","Internal_System",5.01,7.7,14.44,1,4.49,4.07
"Hacker_AI","Backward","Hybrid","USB",7.47,3.22,66.66,1,5.76,6.13
"Malware","Backward","Hybrid","Internal_System",8.4,1.06,16.31,0,7.62,4.15
"Misconfiguration","Upward","Random","USB",3.14,9.33,53.98,1,7.42,5.71
"Weak_Password","Cross","Hybrid","Email",1.98,2.65,50.06,1,1.49,3.28
"Data_Leak","Cross","Linear","Email",5.43,4.92,84.67,1,2.52,6.25
"Virus","Forward","Random","USB",3.18,3.49,30.96,1,2.62,3.15
"Weak_Password","Upward","Linear","Email",9.82,5.63,75.12,1,4.41,7.52
"Misconfiguration","Cross","Linear","USB",1.62,2.14,75.63,1,1.51,4.09
"Misconfiguration","Cross","Circular","USB",6.17,1.7,19.49,0,1.81,3.15
"Virus","Backward","Circular","USB",2.93,8.71,83.09,0,2.19,6.16
"Data_Leak","Cross","Circular","Email",5.81,5.42,99.29,0,5.54,7.35
"Misconfiguration","Cross","Random","Internal_System",2.16,6.29,59.37,1,7.78,5.06
"Malware","Cross","Random","Email",5.67,4.05,38.82,0,7.16,4.78
"Insider_Attack","Forward","Linear","Email",7.34,2.02,40.81,1,8.85,5.12
"Hacker_AI","Backward","Hybrid","Email",2.65,1.72,83.17,0,6.38,5.1
"Virus","Downward","Circular","Email",3.01,9.58,96.58,0,8.76,7.56
"Unpatched_System","Upward","Random","Internal_System",8.81,4.37,50.12,0,2.15,5.74
"Misconfiguration","Forward","Random","Email",8,8.74,34.71,1,2.25,5.76
"Insider_Attack","Downward","Random","Email",7.63,7.31,34.97,1,4.08,5.56
"Insider_Attack","Forward","Circular","Network",3.28,8.65,82.21,0,2.52,6.25
"Unpatched_System","Downward","Hybrid","Network",3.56,7.66,19.28,0,5.23,3.89
"Virus","Backward","Circular","Cloud",4.95,5.32,38.71,1,1.48,4.25
"Hacker_AI","Forward","Random","Network",1.09,2.16,72.03,1,1.54,3.79
"Hacker_Human","Backward","Circular","Cloud",5.54,6.18,38.32,1,8.57,5.29
"Hacker_AI","Forward","Circular","Internal_System",9.12,5.17,82.09,0,8.83,7.94
"Hacker_Human","Backward","Linear","USB",7.6,5.07,66.25,1,8.1,6.75
"Hacker_Human","Backward","Linear","Internal_System",7.5,1.32,46.25,0,6.19,4.98
"Weak_Password","Backward","Random","Network",1.27,2.53,47.19,0,8.15,3.59
"Data_Leak","Cross","Random","USB",9.78,1.43,31.89,1,6.06,5.1
"Malware","Forward","Circular","Internal_System",4.62,8.22,88.45,1,5.17,7.09
"Unpatched_System","Downward","Random","Cloud",6.32,4.83,94.11,1,5.68,7.19
"Hacker_AI","Upward","Random","Cloud",8.4,4.13,78.22,0,4.4,6.91
"Insider_Attack","Backward","Circular","Internal_System",8.02,2.34,47.82,1,2.89,5.08
"Insider_Attack","Upward","Hybrid","Network",5.21,9.42,38.74,0,9.76,5.97
"Unpatched_System","Forward","Linear","Cloud",1.54,2.5,52.28,1,3.06,3.36
"Insider_Attack","Forward","Random","Email",9.13,1.55,58.42,1,3.23,5.71
"Phishing","Upward","Hybrid","Email",3.34,1.42,64.55,1,1.2,3.99
"Phishing","Cross","Random","Internal_System",2.74,1.66,86.01,1,5.32,5.13
"Phishing","Cross","Random","Internal_System",9.92,7.81,13.62,1,4.42,5.52
"Misconfiguration","Downward","Random","Email",4.18,9.31,70.84,0,5.93,6.54
"Weak_Password","Downward","Circular","Email",4.88,6.24,14.65,0,6.35,3.93
"Weak_Password","Backward","Hybrid","Network",2.08,6.1,69.54,0,1.86,4.81
"Data_Leak","Forward","Hybrid","Email",6.95,9.26,30.66,0,2.08,5.37
"Hacker_Human","Backward","Linear","Email",9.59,2.79,63.4,0,7.51,6.72
"Virus","Downward","Linear","USB",3.57,8.44,15.41,1,7.17,4.09
"Insider_Attack","Forward","Circular","Internal_System",9.03,8.72,20.39,1,2.34,5.5
"Hacker_Human","Forward","Random","Network",9.76,5.61,44.74,0,1.51,5.99
"Insider_Attack","Cross","Random","Email",2.91,6.06,46,1,2.04,4.13
"Insider_Attack","Cross","Linear","Network",8.32,3.53,26.14,1,9.71,5.22
"Unpatched_System","Backward","Circular","USB",5.86,5.35,63.38,1,1.3,5.49
"Data_Leak","Forward","Linear","Network",5.6,1.37,92.79,0,7.74,6.44
"Unpatched_System","Upward","Linear","Network",4.6,1.98,50.24,1,5.84,4.37
"Data_Leak","Upward","Linear","USB",1.95,1.93,55.55,0,4.44,3.64
"Insider_Attack","Cross","Hybrid","Cloud",2.9,9.36,87.2,1,6.18,6.85
"Malware","Backward","Hybrid","Email",1.37,2.89,52.08,1,7.47,3.82
"Insider_Attack","Forward","Circular","Cloud",8.43,8.97,18.58,1,6.77,5.74
"Data_Leak","Forward","Linear","Cloud",6.11,2.55,35.78,1,4,4.17
"Hacker_Human","Downward","Linear","Network",8.33,3.38,79.57,0,8.42,7.2
"Hacker_AI","Upward","Random","Internal_System",1.32,1.35,79.89,1,7.78,4.64
"Insider_Attack","Forward","Random","Internal_System",2.27,6.64,61.33,1,2.77,4.74
"Misconfiguration","Cross","Circular","Cloud",7.2,1.96,63.34,1,7.99,5.88
"Malware","Forward","Linear","Network",2.76,3.16,62.7,0,4.16,4.38
"Hacker_AI","Backward","Hybrid","Email",1.33,6.08,52.1,0,5.6,4.26
"Data_Leak","Forward","Hybrid","USB",2.7,8,45.76,1,5.93,4.83
"Virus","Backward","Random","Cloud",2.24,1.64,16.5,0,7.09,2.37
"Virus","Downward","Random","Internal_System",6.28,3.67,69.87,0,8.42,6.25
"Insider_Attack","Upward","Random","Cloud",7.78,2.1,11.36,0,8.64,4.07
"Hacker_AI","Upward","Circular","Network",3.49,4.22,36.35,0,6.05,3.95
"Unpatched_System","Downward","Circular","Network",5.64,5.71,37.26,1,7.31,5.06
"Phishing","Cross","Linear","USB",6.51,2.48,29.93,0,9.9,4.64
"Hacker_Human","Upward","Random","Internal_System",8.14,6.68,74.94,0,8.67,7.64
"Weak_Password","Downward","Random","Email",3.96,6.63,22.49,1,9.18,4.33
"Insider_Attack","Cross","Linear","USB",3.54,5.81,18.43,0,7.56,3.72
"Data_Leak","Downward","Circular","USB",6.03,8.79,23.15,0,3.33,4.83
"Hacker_AI","Downward","Random","Internal_System",8.55,2.95,62.78,0,1.55,5.82
"Hacker_Human","Backward","Linear","Email",7.46,2.5,68.55,0,5.09,5.99
"Hacker_Human","Cross","Random","Internal_System",6.36,8.11,87.64,0,8.62,7.9
"Phishing","Upward","Linear","Network",3.35,4.38,52.32,1,3.52,4.33
"Data_Leak","Downward","Circular","Email",7.34,8.62,17.87,1,7.82,5.42
"Data_Leak","Backward","Random","Network",4.62,4.16,67.23,0,1.4,5.05
"Virus","Downward","Circular","USB",7.74,3,45.31,1,5.45,5.28
"Hacker_AI","Forward","Hybrid","Email",8.76,7.7,95.74,0,4.57,8.45
"Malware","Cross","Linear","Network",8.95,9.74,88.34,0,6.8,8.85
"Unpatched_System","Backward","Hybrid","Cloud",1.74,1.59,46.7,1,4.94,3.2
"Hacker_Human","Backward","Linear","Cloud",5.43,5.06,44.2,0,5.95,5
"Data_Leak","Downward","Random","Cloud",7.61,2.11,18.79,0,6.26,4.08
"Phishing","Cross","Circular","Cloud",3.12,9.71,38.84,1,3.89,4.82
"Virus","Downward","Random","USB",7.18,3.17,84.49,1,6.95,6.86
"Phishing","Cross","Linear","Cloud",3.25,9.42,14.85,1,4.54,3.91
"Virus","Forward","Linear","Email",1.83,9.1,70.17,0,6.6,5.84
"Misconfiguration","Cross","Random","Email",4.43,4.15,69.49,1,1.07,5.05
"Hacker_Human","Upward","Circular","Network",7.37,3.51,93.41,1,3.39,6.99
"Insider_Attack","Upward","Random","Email",1.22,4.41,26.7,1,9.49,3.27
"Insider_Attack","Upward","Circular","Email",2,4.79,21.07,1,8.15,3.22
"Hacker_AI","Cross","Circular","Email",8.9,9.68,98.06,1,8.38,9.37
"Phishing","Forward","Hybrid","USB",4.93,7.85,31.84,1,2.14,4.54
"Virus","Cross","Hybrid","Email",9.32,1.97,34.66,1,6.24,5.2
"Hacker_Human","Downward","Circular","Cloud",8.87,5.64,90.56,0,9.63,8.37
"Unpatched_System","Forward","Linear","Network",5.47,2.38,19.95,0,6.02,3.52
"Misconfiguration","Cross","Hybrid","Network",5.57,5.94,55.58,1,9.74,6.06
"Phishing","Backward","Circular","Internal_System",6.98,8.46,47.17,0,5.69,6.24
"Hacker_AI","Cross","Linear","USB",8,8.98,17.78,0,5.64,5.47
"Hacker_Human","Upward","Linear","Email",9.41,8.97,11.24,0,2.31,5.3
"Phishing","Upward","Random","Network",3.31,5.06,14.05,1,4.75,3.04
"Data_Leak","Upward","Random","Internal_System",5.76,1.37,61.72,0,9.34,5.4
"Phishing","Cross","Circular","Email",6.03,6.77,63.03,1,2.5,5.93
"Phishing","Upward","Random","Internal_System",3.87,3.87,69.05,1,8.07,5.5
"Malware","Downward","Linear","Cloud",6.61,3.17,72.88,1,5.2,6.05
"Hacker_AI","Upward","Circular","Internal_System",7.24,7.24,81.19,0,4.99,7.37
"Malware","Forward","Circular","Email",4.68,3.05,70.03,0,4.52,5.27
"Hacker_AI","Cross","Circular","Cloud",4.7,3.85,45.48,0,7.65,4.76
"Weak_Password","Forward","Linear","Cloud",5.54,5.46,39.32,0,6.06,4.93
"Data_Leak","Downward","Random","Internal_System",6.62,1.06,68.29,0,2.22,5.15
"Unpatched_System","Forward","Linear","Email",4.68,8.4,88.52,0,9.78,7.6
"Malware","Cross","Circular","Network",7.57,9.47,27.96,0,1.33,5.42
"Weak_Password","Cross","Linear","Internal_System",1.67,6.01,66.8,0,5.61,4.94
"Hacker_Human","Downward","Linear","Internal_System",3.83,8.07,86.2,1,4.6,6.67
"Data_Leak","Upward","Random","Email",3.57,7.11,34.7,0,1.05,3.99
"Phishing","Downward","Hybrid","Email",1.89,4.29,19.9,0,3.17,2.54
"Misconfiguration","Cross","Random","Email",7.19,7.93,46.58,0,7.65,6.37
"Phishing","Downward","Hybrid","Internal_System",8.76,9.13,49.82,1,2.67,6.71
"Phishing","Upward","Circular","Email",5.16,6.74,32.75,0,5.23,4.73
"Hacker_AI","Backward","Linear","Cloud",5.76,7.86,61.92,1,7.38,6.51
"Unpatched_System","Backward","Hybrid","Email",3.83,2.01,67.08,0,2.11,4.45
"Misconfiguration","Downward","Random","Email",5.83,4.52,62.32,0,8.56,6
"Misconfiguration","Backward","Linear","Email",7.46,4.17,45.66,0,8.77,5.78
"Virus","Forward","Hybrid","Cloud",5.69,2.88,55.68,1,9,5.41
"Hacker_AI","Forward","Hybrid","Network",5.6,7.33,85.76,1,3.38,6.91
"Unpatched_System","Backward","Hybrid","Email",7.57,3.56,77.7,0,7.99,6.89
"Misconfiguration","Cross","Hybrid","Network",7.86,8.14,34.44,0,8.35,6.2
"Misconfiguration","Upward","Linear","USB",6.26,7.46,72.25,0,2.72,6.53
"Phishing","Cross","Linear","Internal_System",2.29,1.9,56.66,1,2.86,3.62
"Weak_Password","Upward","Linear","Network",6.65,8.63,12.41,1,2.59,4.48
"Data_Leak","Downward","Circular","Internal_System",7.94,3.52,96.16,1,6.16,7.55
"Insider_Attack","Downward","Random","Internal_System",2.06,3.15,16.07,1,3.75,2.27
"Hacker_Human","Forward","Random","Network",7.52,3.31,55.16,0,7.47,5.87
"Malware","Backward","Hybrid","USB",2.1,4.56,78.16,0,1.95,4.86
"Data_Leak","Cross","Hybrid","Internal_System",6.43,8.88,98.86,0,8.35,8.49
"Hacker_Human","Forward","Linear","Network",1.35,8.66,84.24,0,4.43,5.95
"Weak_Password","Upward","Circular","Email",3.61,4.06,88.69,1,6.36,6.08
"Insider_Attack","Forward","Linear","USB",3.04,1.51,97.56,0,6.81,5.8
"Insider_Attack","Downward","Linear","USB",9.9,7.38,24.61,0,9.65,6.4
"Phishing","Forward","Hybrid","Email",6.97,5.19,98.19,0,3.75,7.43
"Misconfiguration","Cross","Linear","Internal_System",7.39,1.19,37.2,1,2.25,4.17
"Malware","Forward","Linear","Network",9.59,9.42,76,1,8.04,8.61
"Weak_Password","Backward","Hybrid","USB",7.06,2.74,22.07,0,3.22,3.87
"Data_Leak","Downward","Hybrid","Email",3.56,4.05,57.28,0,6.73,4.84
"Misconfiguration","Downward","Hybrid","Internal_System",5.9,5.7,10.46,1,6.04,3.93
"Hacker_AI","Forward","Random","Email",4.03,5.22,59.95,1,7.08,5.36
"Virus","Backward","Random","Cloud",3.75,9.06,15.17,1,6.56,4.2
"Misconfiguration","Upward","Linear","Email",3.64,6.28,93.82,0,1.52,6.25
"Phishing","Backward","Circular","Email",6.32,9.98,79.01,0,6.54,7.71
"Virus","Forward","Hybrid","USB",4.78,8.72,84.89,1,9.09,7.48
"Weak_Password","Cross","Circular","Internal_System",3.17,2.95,78.54,0,9.09,5.59
"Phishing","Upward","Circular","Cloud",9.29,4.45,65.32,0,7.06,7
"Hacker_AI","Upward","Hybrid","Cloud",3.74,2.62,95.58,1,3.88,5.86
"Malware","Downward","Circular","Cloud",3.95,9.52,93.45,0,8.06,7.63
"Malware","Downward","Linear","Cloud",6.95,7.05,74.57,1,4.29,6.91
"Malware","Forward","Circular","Cloud",8.51,7.59,72.79,0,7.06,7.69
"Weak_Password","Forward","Circular","Internal_System",8.87,8.22,42.72,1,9.51,6.96
"Misconfiguration","Backward","Circular","Internal_System",6.77,3.08,19.4,1,4.77,3.9
"Malware","Upward","Linear","USB",6.84,2.03,63.7,0,1.61,5.17
"Misconfiguration","Backward","Linear","Cloud",8.23,1.62,92.44,1,2.48,6.74
"Hacker_Human","Downward","Circular","USB",4,3.04,96.63,0,9.99,6.67
"Hacker_AI","Downward","Linear","USB",5.24,7.09,29.88,0,6.4,4.83
"Misconfiguration","Downward","Linear","USB",6.87,8.47,53.15,0,3.75,6.26
"Insider_Attack","Forward","Random","USB",8.63,4.37,69.22,0,5.26,6.76
"Unpatched_System","Upward","Hybrid","Internal_System",5.86,9.84,71.03,0,4.68,7.04
"Hacker_AI","Cross","Random","Email",6.88,5.7,73.06,1,2.99,6.43
"Data_Leak","Backward","Linear","Email",3.69,9.79,24.41,1,7.22,4.76
"Misconfiguration","Forward","Circular","Network",6.11,4.05,68.95,1,1.22,5.52
"Virus","Cross","Circular","USB",4.13,1.87,98.87,1,9.31,6.5
"Weak_Password","Upward","Hybrid","Internal_System",1.12,4.39,60.27,1,1.68,3.79
"Insider_Attack","Cross","Linear","Cloud",9.54,5.44,18.92,1,6,5.31
"Misconfiguration","Cross","Hybrid","USB",4.92,2,14.68,0,9.24,3.39
"Malware","Cross","Linear","Cloud",5.46,2.33,57.46,0,4.55,4.86
"Virus","Cross","Random","Email",6.97,2.51,76.17,0,6.17,6.26
"Unpatched_System","Downward","Linear","Cloud",6.63,7.09,19.25,0,4.05,4.58
"Phishing","Downward","Circular","Cloud",7.31,4.93,78.25,1,1.68,6.48
"Data_Leak","Upward","Hybrid","USB",9.78,2.54,44.93,1,2.68,5.51
"Phishing","Backward","Circular","Email",2.48,6.16,57.24,0,4.95,4.76
"Hacker_AI","Forward","Hybrid","Cloud",3.47,4.71,36.6,0,7.2,4.17
"Unpatched_System","Cross","Linear","Internal_System",9.09,3.06,42.74,1,8.65,5.91
"Hacker_AI","Upward","Random","USB",7.05,5.44,38.09,1,4.57,5.18
"Unpatched_System","Cross","Hybrid","Network",4.07,3.11,60.69,1,8.66,5.14
"Phishing","Upward","Linear","Network",3.02,6.54,46.93,1,5.79,4.67
"Misconfiguration","Upward","Linear","Internal_System",5.05,7.83,26.88,0,3.41,4.5
"Virus","Downward","Random","Internal_System",7.81,3.2,40.78,1,2.66,4.88
"Hacker_AI","Forward","Linear","Internal_System",5.58,1.58,23,1,7.18,3.63
"Malware","Forward","Circular","Cloud",3.84,4.72,19.02,0,3.47,3.2
"Hacker_AI","Cross","Circular","Internal_System",4.9,4.67,49.48,1,6.57,5.04
"Weak_Password","Cross","Circular","USB",8.95,4.81,24.66,0,1.3,4.76
"Phishing","Cross","Random","Email",6.75,3.74,52.97,0,3.58,5.25
"Weak_Password","Forward","Random","Network",6.53,8.24,77.27,1,6.1,7.31
"Insider_Attack","Backward","Linear","Network",4.57,3.55,78.92,1,8.05,6.04
"Phishing","Backward","Circular","Email",2.92,6.08,92.02,0,9.16,6.69
"Weak_Password","Backward","Circular","Email",9.36,6.51,25.74,0,6.6,5.8
"Insider_Attack","Downward","Random","Email",4.99,9.45,70.69,1,7.95,7.01
"Hacker_AI","Cross","Random","Email",2.75,8.64,97.79,0,4.99,6.96
"Misconfiguration","Cross","Hybrid","Cloud",4.69,2.45,54.41,1,8.96,4.97
"Malware","Upward","Hybrid","Network",6.27,5.82,91.77,1,7.24,7.44
"Misconfiguration","Downward","Linear","Network",7.13,7.1,22.25,0,9.58,5.41
"Phishing","Downward","Hybrid","Email",6.09,1.3,26.76,1,2.91,3.45
"Misconfiguration","Upward","Random","USB",8.41,1.6,17.73,0,9.14,4.47
"Phishing","Upward","Random","Internal_System",3.25,4.3,39.37,0,2.78,3.69
"Misconfiguration","Forward","Linear","Internal_System",1.51,9.01,97.1,0,8.21,6.96
"Hacker_Human","Forward","Random","USB",3.02,1.99,80.8,0,1.49,4.68
"Hacker_Human","Cross","Hybrid","Network",8.27,2.89,75.89,1,9.09,7
"Data_Leak","Backward","Linear","USB",9.57,1.74,93.13,1,7.29,7.67
"Misconfiguration","Cross","Random","Cloud",8.31,1.86,90.99,1,5.54,7.06
"Hacker_Human","Cross","Circular","Internal_System",9.27,1.86,59.92,1,6.22,6.17
"Virus","Cross","Random","Cloud",5.06,1.3,17.7,0,5.36,3.02
"Hacker_AI","Forward","Random","Cloud",3.8,10,40.62,0,5.8,5.34
"Insider_Attack","Cross","Linear","Network",9.96,8.56,25.35,0,4.04,6.12
"Insider_Attack","Upward","Circular","USB",2.14,2.43,13.41,0,6.06,2.27
"Hacker_Human","Downward","Linear","Cloud",4.28,6.35,40.55,0,1.57,4.33
"Phishing","Upward","Linear","Network",6.59,1.15,28.55,0,8.28,4.18
"Malware","Downward","Hybrid","Internal_System",2,5.9,25.65,1,1.15,2.92
"Misconfiguration","Downward","Random","Email",5.99,4.86,51.6,1,3.76,5.21
"Weak_Password","Upward","Random","Network",1.67,5.02,20.88,1,2.02,2.54
"Hacker_AI","Forward","Linear","Cloud",1.21,8.59,17.84,1,3.31,3.13
"Malware","Forward","Linear","USB",5.03,4.89,42.33,1,7.26,4.91
"Unpatched_System","Backward","Linear","Internal_System",9.38,1.14,82.64,0,4.99,6.85
"Data_Leak","Backward","Linear","Email",8.61,9.42,60.92,1,8.21,7.72
"Insider_Attack","Backward","Hybrid","Network",4.68,1.3,52.08,0,6.16,4.36
"Data_Leak","Cross","Linear","Cloud",8.18,6.18,22.65,0,2.61,4.86
"Misconfiguration","Backward","Linear","Email",1.21,3.86,67.62,1,8.62,4.7
"Virus","Downward","Random","USB",7.58,3.33,76.79,0,9.14,6.93
"Unpatched_System","Upward","Random","USB",4.32,4.13,31.57,0,6.83,4.07
"Hacker_AI","Forward","Random","USB",5.33,8.91,28.57,1,2.73,4.8
"Phishing","Backward","Random","Network",2.03,3.31,55.32,1,7.15,4.2
"Insider_Attack","Cross","Random","Cloud",6.6,4.61,99.18,0,8.5,7.72
"Hacker_AI","Upward","Circular","USB",8.1,9.08,93.22,0,2.63,8.24
"Data_Leak","Forward","Circular","USB",4.41,6.75,59.19,1,7.01,5.74
"Hacker_AI","Backward","Hybrid","USB",3.64,3.88,12.97,1,9.31,3.32
"Unpatched_System","Backward","Hybrid","USB",4.51,9.55,11.59,0,7.41,4.47
"Unpatched_System","Upward","Circular","Network",1.8,6.19,30.19,1,8.15,3.8
"Data_Leak","Forward","Circular","Email",4.66,5.11,85.12,1,4.39,6.26
"Malware","Upward","Hybrid","USB",1.36,7.51,14.43,0,2.26,2.71
"Unpatched_System","Backward","Circular","USB",9.13,7.81,12.69,0,5.2,5.33
"Misconfiguration","Cross","Hybrid","USB",2.07,3.81,31.59,1,3,2.95
"Phishing","Backward","Hybrid","Network",6.2,3.79,12.89,1,5.51,3.68
"Weak_Password","Cross","Random","USB",3.01,3.93,31.82,1,6.37,3.6
"Unpatched_System","Forward","Linear","Internal_System",8.53,7.71,49.57,0,7.27,6.81
"Malware","Downward","Circular","USB",9.97,5.58,88.73,1,7.82,8.44
"Data_Leak","Backward","Linear","Network",3.12,6.67,56.85,0,1.14,4.66
"Unpatched_System","Downward","Hybrid","USB",2.68,3.09,31.7,1,5.59,3.25
"Phishing","Backward","Linear","Cloud",7.05,9.04,52.44,1,2.63,6.28
"Insider_Attack","Downward","Random","Cloud",6.14,2.71,46.98,1,5.37,4.8
"Hacker_Human","Forward","Linear","Email",1.71,1.72,20.37,0,1.46,1.82
"Misconfiguration","Downward","Random","Cloud",3.04,8.96,59.96,0,4.05,5.51
"Weak_Password","Downward","Circular","Network",8.48,4.57,50.11,0,9.27,6.39
"Data_Leak","Forward","Hybrid","USB",1.11,4.14,81.02,1,6.6,5.06
"Virus","Downward","Random","Internal_System",1.39,2.29,23.12,1,4.39,2.24
"Unpatched_System","Cross","Circular","Network",6.99,7.2,98.57,0,1.03,7.58
"Malware","Upward","Linear","USB",5.8,8.46,24.71,1,9.63,5.38
"Malware","Cross","Hybrid","USB",3.07,2.54,31.27,0,3.88,3.07
"Virus","Backward","Linear","Internal_System",3.88,9.1,13.98,1,6.17,4.16
"Phishing","Cross","Linear","Internal_System",3.54,5.18,90.12,1,7.37,6.44
"Data_Leak","Downward","Linear","Cloud",3.97,7.13,80.66,1,4.77,6.32
"Phishing","Forward","Circular","Email",7.94,2.36,35.01,1,3.97,4.65
"Malware","Cross","Circular","USB",2.27,2,18.24,0,7.91,2.6
"Misconfiguration","Forward","Hybrid","Internal_System",3.56,3.84,49.42,0,1.91,4
"Unpatched_System","Upward","Circular","Email",8.14,7.6,43.55,1,5.71,6.28
"Data_Leak","Downward","Random","Email",3.62,4.84,76.71,0,6.62,5.78
"Hacker_AI","Forward","Linear","Email",5.12,1.41,27.29,1,9.93,3.9
"Unpatched_System","Upward","Circular","Internal_System",9.06,9.03,13.05,0,7.42,5.79
"Hacker_Human","Backward","Linear","Cloud",9.59,3.97,39.88,0,2.12,5.48
"Weak_Password","Upward","Hybrid","Cloud",2.93,1.12,17.68,1,1.45,1.96
"Weak_Password","Downward","Linear","Cloud",8.79,7.56,88.56,1,1.83,7.87
"Unpatched_System","Upward","Linear","Cloud",1.55,7.65,72.21,0,6.9,5.57
"Malware","Downward","Linear","USB",5.57,2.67,95.53,1,9.29,6.96
"Weak_Password","Downward","Circular","Network",8.19,5.56,54.38,1,2.6,6
"Weak_Password","Cross","Circular","Email",3.9,5.63,76.57,1,4.45,5.8
"Hacker_AI","Forward","Random","Internal_System",7.1,7.16,37.48,0,3.41,5.4
"Hacker_AI","Forward","Hybrid","Internal_System",6.99,6.08,75.55,1,1.88,6.52
"Malware","Downward","Circular","Email",2.96,2.97,40.5,0,9.03,4.01
"Hacker_Human","Cross","Linear","Cloud",8.99,5.8,95.2,1,5.12,8.18
"Hacker_AI","Downward","Random","Network",5.28,5.09,20.79,1,8.27,4.26
"Data_Leak","Forward","Random","Internal_System",7.17,3.59,48.07,0,9.21,5.71
"Hacker_Human","Upward","Circular","Network",2.17,6.69,75.18,0,9.17,5.91
"Data_Leak","Downward","Linear","Cloud",8.74,5.8,32.69,1,9.29,6.02
"Malware","Backward","Linear","Email",8.91,6.85,69.93,1,6,7.44
"Data_Leak","Cross","Linear","Internal_System",3.24,7.02,17.78,1,1.33,3.22
"Weak_Password","Downward","Linear","Email",4.54,1.38,32.24,1,7.35,3.66
"Phishing","Backward","Hybrid","Internal_System",6.45,9.47,23.35,0,7.64,5.53
"Misconfiguration","Upward","Random","USB",9.39,1.24,42.71,1,9.45,5.72
"Hacker_AI","Upward","Linear","Internal_System",8.33,1.25,84.36,0,3.14,6.44
"Weak_Password","Cross","Linear","Email",5.3,2.01,31.68,0,7.59,4.02
"Virus","Downward","Random","USB",8.66,6.07,98.88,1,7.09,8.48
"Misconfiguration","Upward","Random","Internal_System",6.44,9.33,74.18,0,5.71,7.34
"Misconfiguration","Upward","Circular","Internal_System",3.23,7.84,13.1,0,1.58,3.22
"Virus","Downward","Linear","USB",5.03,2.51,45.95,1,7.31,4.58
"Weak_Password","Backward","Circular","Email",2.01,3.58,43.39,0,6.8,3.73
"Phishing","Upward","Random","Email",6.99,2.13,43.86,1,2.05,4.48
"Malware","Backward","Random","Internal_System",9.74,4.61,51.22,1,5.14,6.41
"Hacker_AI","Upward","Hybrid","Email",5.85,3.69,54.46,0,1.64,4.84
"Virus","Backward","Linear","Network",7.06,4.82,60.6,1,9.07,6.41
"Virus","Downward","Random","USB",5.43,2.43,41.91,1,2.68,4.06
"Hacker_AI","Upward","Circular","Email",6.76,7.39,23.82,1,5.64,5.02
"Data_Leak","Upward","Circular","Email",3.76,1.5,65.38,1,9.08,4.95
"Data_Leak","Backward","Circular","USB",5.4,2.71,88.15,1,8.41,6.53
"Hacker_AI","Forward","Random","Network",9.41,9.28,49.96,0,6.6,7.34
"Data_Leak","Downward","Circular","Internal_System",2.69,8.92,98.11,0,3.37,6.85
"Weak_Password","Cross","Circular","Email",1.48,5.88,80.42,1,2.26,5.06
"Weak_Password","Upward","Linear","Network",1.82,6.85,38.19,0,9.01,4.34
"Malware","Downward","Circular","USB",5.53,9.57,87.54,0,2.32,7.31
"Hacker_Human","Cross","Hybrid","Email",5.95,8.85,93.1,1,7.95,8.07
"Misconfiguration","Cross","Hybrid","Email",8.51,8.26,75.15,0,2.88,7.5
"Weak_Password","Backward","Circular","Network",7.08,7.61,20.48,0,2.92,4.76
"Phishing","Downward","Linear","Network",1.77,3.85,67.78,0,8.27,4.84
"Phishing","Downward","Circular","Cloud",2.62,4.33,60.15,1,3.02,4.36
"Unpatched_System","Forward","Random","Email",1.41,3.45,48.17,0,6.37,3.68
"Virus","Forward","Circular","Cloud",3.41,3.71,93.44,1,7.77,6.28
"Hacker_AI","Upward","Linear","Network",6.25,5.8,54.06,0,6.41,5.84
"Misconfiguration","Cross","Hybrid","Network",8.98,3.21,83.52,0,4.41,7.12
"Data_Leak","Backward","Random","Internal_System",5.75,1.9,66.37,0,7.95,5.55
"Virus","Downward","Linear","USB",4.06,8.09,39.45,1,4.81,4.89
"Insider_Attack","Downward","Random","Internal_System",4.85,3.12,70.92,0,2.27,5.14
"Phishing","Backward","Circular","Cloud",2.48,7.99,58.23,0,9.72,5.64
"Data_Leak","Upward","Random","USB",4.11,4.34,51.33,0,4.61,4.62
"Virus","Upward","Hybrid","USB",4.6,7.92,38.38,0,5.98,5.1
"Weak_Password","Backward","Random","Network",1.27,6.93,28.4,0,2.12,3.12
"Virus","Downward","Random","Cloud",1.8,7.78,21.96,1,3.93,3.37
"Virus","Cross","Linear","Internal_System",2.36,6.06,43.36,0,4.38,4.09
"Misconfiguration","Upward","Circular","USB",2.88,3.94,30.57,1,1.15,2.99
"Unpatched_System","Forward","Random","Email",9.4,2.73,87.94,0,5.63,7.45
"Weak_Password","Forward","Circular","Cloud",9.8,4.4,84.51,1,1.11,7.31
"Hacker_AI","Cross","Random","Network",7.71,4.37,85.62,0,6.07,7.22
"Misconfiguration","Upward","Random","Email",4.16,5.32,51.12,0,2.08,4.56
"Malware","Downward","Random","USB",8.35,1.26,67.78,1,5.04,5.97
"Hacker_Human","Cross","Linear","Network",3.86,5.82,22.17,0,3.49,3.56
"Weak_Password","Downward","Linear","Cloud",9.17,8.38,72.98,1,7.79,8.13
"Weak_Password","Forward","Circular","Email",7.92,8.53,96.29,1,3.51,8.28
"Hacker_Human","Cross","Random","Cloud",8.56,3.1,53.91,0,6.97,6.04
"Hacker_Human","Cross","Linear","Internal_System",3.76,2.52,37.27,0,2.87,3.41
"Unpatched_System","Backward","Linear","Internal_System",3.01,1,71.66,1,8.95,4.86
"Hacker_Human","Downward","Linear","Internal_System",3.66,8.57,24.33,1,9.13,4.7
"Phishing","Upward","Linear","Network",2.24,1.77,98.58,0,4.75,5.44
"Virus","Forward","Random","Email",2.07,4.6,57.68,0,7.77,4.63
"Misconfiguration","Backward","Random","Cloud",3.78,8.53,51.8,1,5.94,5.51
"Virus","Downward","Circular","Internal_System",5.95,1.23,95.27,1,4.5,6.29
"Weak_Password","Upward","Random","USB",9.93,5.95,66.17,0,3.26,7.14
"Phishing","Forward","Circular","Internal_System",6.09,3.79,46.05,0,1.58,4.58
"Weak_Password","Upward","Linear","Internal_System",3.34,7.56,42.29,0,3.46,4.55
"Virus","Backward","Linear","USB",5,7.91,72.56,1,6.94,6.68
"Hacker_Human","Downward","Hybrid","Internal_System",6.07,3.49,69.42,0,7.13,6.01
"Data_Leak","Downward","Linear","Internal_System",9.15,9.94,62.51,0,6.58,7.89
"Malware","Cross","Hybrid","Cloud",1.69,4.47,22.16,0,9.36,3.22
"Hacker_AI","Cross","Circular","USB",3.43,8.58,44.32,1,4.53,4.97
"Data_Leak","Backward","Linear","Email",1.55,1.78,24,1,4.34,2.21
"Weak_Password","Forward","Linear","Cloud",7.06,6.86,12.14,0,4.1,4.39
"Weak_Password","Forward","Random","Network",8.61,7.85,21.7,0,6.16,5.64
"Phishing","Downward","Circular","Cloud",6.32,1.88,31.01,1,1.02,3.61
"Unpatched_System","Backward","Linear","USB",6.04,8.16,60.15,0,8.75,6.72
"Weak_Password","Cross","Hybrid","Internal_System",7.59,6.72,30.54,1,8.44,5.69
"Data_Leak","Forward","Circular","USB",1.43,3.61,64.96,0,1.96,3.95
"Virus","Backward","Random","Email",1.53,9.02,81.78,1,3.27,5.86
"Insider_Attack","Downward","Linear","USB",4.67,7.07,71.8,0,6.25,6.31
"Hacker_Human","Downward","Linear","Network",3.28,4.18,81.27,0,1.01,5.17
"Hacker_AI","Upward","Linear","Network",6.92,5.94,19.44,1,4.81,4.52
"Hacker_AI","Backward","Random","Cloud",8.98,8.09,50.18,1,8.03,7.12
"Misconfiguration","Upward","Hybrid","Email",4.17,9.39,44.56,0,1.7,5.08
"Misconfiguration","Downward","Hybrid","USB",2.27,7.79,29.04,1,5.8,3.98
"Weak_Password","Forward","Random","USB",9.15,4.63,34.51,0,4.7,5.52
"Insider_Attack","Backward","Hybrid","Internal_System",6.69,3.63,81.35,0,9.75,6.96
"Hacker_AI","Downward","Circular","Network",6.04,9.11,80.83,1,5.56,7.42
"Unpatched_System","Forward","Linear","Internal_System",7.98,9.71,34.48,0,5.52,6.27
"Phishing","Downward","Random","USB",1.39,4.83,69.83,0,2.83,4.46
"Weak_Password","Downward","Hybrid","Internal_System",2.16,4.99,21.74,1,9.02,3.42
"Unpatched_System","Downward","Linear","Network",1.96,9.82,45.12,1,9.87,5.34
"Misconfiguration","Forward","Hybrid","Internal_System",4,8.12,79.49,1,5.56,6.56
"Weak_Password","Forward","Circular","Email",3.78,3.38,54.64,1,4,4.4
"Virus","Downward","Hybrid","Cloud",8.69,4.71,36.93,0,5.43,5.57
"Malware","Backward","Linear","Network",2.37,8.12,37.13,0,6.4,4.46
"Weak_Password","Forward","Circular","Cloud",7.46,3.78,33.84,0,9.24,5.27
"Hacker_AI","Backward","Random","Email",4.42,9.66,98.3,0,2.52,7.44
"Virus","Forward","Hybrid","USB",2.33,9.54,82.24,1,7.2,6.62
"Hacker_AI","Downward","Random","Internal_System",7.68,3.85,71.62,0,9.92,6.93
"Hacker_Human","Upward","Linear","Internal_System",9.49,6.06,36.18,1,8.81,6.39
"Malware","Upward","Hybrid","Network",2.01,8.96,25.63,0,5.51,3.97
"Data_Leak","Forward","Hybrid","Network",3.1,8.59,71.52,0,2.38,5.75
"Hacker_Human","Upward","Hybrid","Network",8.81,6.25,47.64,0,6.9,6.49
"Misconfiguration","Backward","Random","USB",4.99,8.67,19.25,0,8.13,4.81
"Weak_Password","Cross","Circular","Email",5.63,4.8,52.64,1,4.29,5.18
"Misconfiguration","Upward","Random","USB",1.07,7.12,91.89,1,4.09,5.83
"Malware","Upward","Circular","USB",9.29,1.64,83.17,0,6.53,7.09
"Unpatched_System","Upward","Linear","Network",3.07,6.53,31.49,0,4.55,3.94
"Hacker_Human","Downward","Hybrid","USB",3.97,1.82,32.19,1,7.61,3.6
"Unpatched_System","Downward","Random","USB",9.23,6.76,97.2,0,5.88,8.6
"Weak_Password","Backward","Random","Email",4.25,7.18,82.78,0,6.27,6.65
"Misconfiguration","Upward","Circular","Internal_System",6.89,5.26,36.44,1,9.67,5.54
"Misconfiguration","Forward","Circular","Email",7.59,8.12,21.63,1,1.45,4.91
"Insider_Attack","Downward","Linear","Network",1.38,4.62,45.73,1,5.72,3.74
"Hacker_Human","Upward","Linear","USB",5.34,7.54,67.18,0,3.29,6.13
"Hacker_Human","Forward","Linear","USB",4.21,3.03,82.01,0,4.55,5.6
"Virus","Cross","Circular","USB",7,4.25,55.4,0,9.24,6.09
"Data_Leak","Backward","Random","USB",4.74,1.28,97.19,1,9.55,6.52
"Malware","Upward","Random","Network",5.35,6.3,87.24,1,1.09,6.46
"Virus","Upward","Random","USB",5.52,6.38,15.28,1,4.48,3.99
"Insider_Attack","Cross","Random","Cloud",6.15,7.25,73.61,0,6.22,6.86
"Virus","Upward","Linear","Cloud",5.79,6.25,75.95,0,3.6,6.39
"Insider_Attack","Backward","Random","Email",1.53,7.12,27.48,0,4.77,3.46
"Hacker_AI","Backward","Linear","Network",3.28,7.83,27.76,0,5.6,4.22
"Phishing","Backward","Random","USB",6.51,8.32,35.57,0,7.45,5.78
"Insider_Attack","Downward","Circular","Internal_System",8.55,7.44,94.63,1,1.91,8.03
"Insider_Attack","Backward","Random","Cloud",8.11,9.13,26.05,0,9.54,6.26
"Insider_Attack","Downward","Random","Cloud",2.2,7.21,63.24,0,5.86,5.22
"Virus","Forward","Random","Internal_System",6.19,5.34,99.15,0,5.49,7.44
"Data_Leak","Backward","Linear","Network",8,5.66,76.78,1,9.27,7.53
"Hacker_AI","Downward","Random","Internal_System",5.62,2.07,33.15,0,8.58,4.28
"Data_Leak","Backward","Random","USB",6.52,7.51,91.64,1,7.81,7.9
"Malware","Backward","Circular","Cloud",2.45,9.7,47.66,0,6.77,5.26
"Malware","Cross","Hybrid","USB",3.27,1.19,52.38,1,6.63,3.98
"Virus","Downward","Circular","Internal_System",7.75,4.17,83.37,1,6.53,7.15
"Unpatched_System","Upward","Hybrid","USB",1.54,3.46,92.61,0,7.67,5.63
"Hacker_Human","Cross","Linear","USB",3.9,7.28,32.38,1,8.92,4.81
"Unpatched_System","Backward","Hybrid","USB",4.69,4.31,45.32,0,1.16,4.2
"Phishing","Backward","Linear","Network",2.61,3.97,50.66,1,6.45,4.25
"Malware","Cross","Linear","Internal_System",8.26,2.89,65.01,1,4.89,6.15
"Malware","Upward","Hybrid","Internal_System",7.61,2.06,38.56,0,3.48,4.59
"Data_Leak","Forward","Linear","Network",9.65,3.53,64.67,0,8.12,7
"Data_Leak","Forward","Random","Cloud",6.36,6.06,57.48,0,1.67,5.59
"Hacker_AI","Upward","Circular","Internal_System",4.27,9.2,50.08,0,7.57,5.88
"Data_Leak","Backward","Random","Email",9.66,3.18,91.79,1,1.11,7.32
"Malware","Forward","Hybrid","Internal_System",2.48,2.17,78.04,1,4.01,4.7
"Misconfiguration","Forward","Random","Cloud",6.53,2.71,54.4,1,9.08,5.59
"Unpatched_System","Backward","Hybrid","Network",7.67,7.13,93.95,0,8.14,8.3
"Virus","Cross","Random","Cloud",1.11,2.54,77.17,0,7.35,4.66
"Hacker_AI","Downward","Hybrid","Cloud",1.21,2.72,74.14,0,2.46,4.12
"Hacker_AI","Downward","Linear","Network",2.61,7.42,48.62,1,9.9,5.2
"Hacker_Human","Downward","Random","Email",9.76,7.7,83.48,1,5.34,8.34
"Malware","Downward","Random","USB",5.27,3.72,15.85,1,1.74,3.13
"Unpatched_System","Downward","Circular","Cloud",5.03,9.01,57.79,1,9.21,6.54
"Hacker_AI","Downward","Circular","Email",5.78,7.23,50.37,0,7.48,5.94
"Unpatched_System","Cross","Random","Network",5.73,3.83,51.17,0,3.25,4.86
"Phishing","Downward","Circular","USB",6,5.2,66.69,1,9.03,6.41
"Hacker_Human","Upward","Hybrid","Internal_System",4.15,8.75,35.63,1,8.16,5.24
"Phishing","Backward","Hybrid","Cloud",8.73,6.57,90.21,0,9.43,8.48
"Virus","Downward","Linear","USB",7.09,9.07,75.67,1,9.01,7.87
"Hacker_AI","Downward","Linear","Internal_System",7,5.52,49.98,0,3.39,5.54
"Hacker_AI","Backward","Random","Network",8.19,9.91,19.8,1,5.83,5.81
"Data_Leak","Forward","Hybrid","Cloud",7.46,5.96,87.56,0,9.46,7.88
"Virus","Cross","Linear","Network",1.07,6.47,21.67,1,3.87,2.87
"Hacker_Human","Forward","Random","Email",9.06,8.58,61.88,1,2.25,7.13
"Phishing","Backward","Circular","Internal_System",3.86,9.99,98.41,0,3.38,7.43
"Insider_Attack","Downward","Linear","Network",5.83,4.87,80.53,0,9.74,6.92
"Data_Leak","Upward","Random","USB",9.63,4.45,30.44,1,1.98,5.19
"Misconfiguration","Forward","Linear","Cloud",1.81,3.02,60.57,1,3.26,3.9
"Insider_Attack","Forward","Circular","Network",5.67,6.03,10.29,1,5.13,3.83
"Malware","Cross","Circular","Internal_System",8.4,4.91,85.26,0,4.95,7.41
"Malware","Downward","Hybrid","Cloud",8.02,3.04,37.36,1,3.69,4.88
"Phishing","Downward","Linear","Cloud",2.27,4.99,94.99,1,7.29,6.21
"Malware","Upward","Random","Internal_System",8.34,9.84,76.38,1,8.52,8.38
"Phishing","Backward","Linear","Internal_System",7.03,6.58,97.21,0,4.22,7.74
"Data_Leak","Cross","Circular","Network",4.24,6.85,17.42,0,7.83,4.12
"Weak_Password","Upward","Linear","Network",7.9,7.29,77.99,0,2.46,7.19
"Hacker_AI","Forward","Circular","Network",6.38,8.92,23.17,1,4.18,5.04
"Phishing","Forward","Random","Cloud",6.71,9.48,90.76,0,9.97,8.54
"Hacker_AI","Cross","Circular","Network",2.69,5.87,75.31,1,4.1,5.4
"Virus","Downward","Circular","USB",2.7,8.63,63.81,1,3.47,5.44
"Misconfiguration","Cross","Circular","Email",5,2.09,89.46,1,5.74,6.07
"Data_Leak","Cross","Circular","Internal_System",6.33,4.32,38.88,1,7.81,5.1
"Hacker_Human","Downward","Circular","Internal_System",9.74,2.13,68.39,0,8.71,6.95
"Unpatched_System","Upward","Random","Email",3.38,4.37,57.72,1,2.06,4.4
"Virus","Backward","Hybrid","Internal_System",7.6,5.62,36.84,1,5.09,5.39
"Weak_Password","Cross","Hybrid","Email",7.47,3.68,69.83,1,8.35,6.61
"Malware","Backward","Circular","Cloud",5.55,5.37,20.74,0,8.62,4.43
"Hacker_Human","Downward","Random","Email",4.71,5.13,86.17,1,8.65,6.75
"Hacker_Human","Backward","Linear","USB",2.32,1.98,77.67,0,4.15,4.61
"Weak_Password","Backward","Circular","Email",9.72,4.63,75.75,0,1.38,7.01
"Virus","Forward","Random","Email",9.54,4.28,11.74,0,8.22,5.01
"Unpatched_System","Downward","Linear","Network",3.62,2.67,99.07,1,8.29,6.41
"Hacker_Human","Forward","Circular","Network",9.35,6.69,77.43,0,4.21,7.66
"Unpatched_System","Cross","Linear","Email",4.04,4.77,85.71,1,3.54,5.95
"Malware","Forward","Circular","USB",2.78,3.38,52.69,1,9.53,4.57
"Insider_Attack","Cross","Linear","USB",2.58,9.45,88.44,1,7.87,6.99
"Hacker_AI","Cross","Random","Internal_System",3.22,8.67,31.01,0,2.54,4.19
"Hacker_AI","Cross","Hybrid","Network",4.29,7.12,25.93,1,4.42,4.19
"Misconfiguration","Backward","Hybrid","USB",6.75,7.96,23.43,1,1.86,4.74
"Malware","Downward","Linear","Network",2.38,9.97,37.65,1,8.54,5.07
"Virus","Cross","Random","Cloud",7.06,6.28,59.79,1,4.88,6.25
"Malware","Forward","Hybrid","Email",2.85,7.98,77.84,1,7.3,6.29
"Unpatched_System","Downward","Circular","Email",3.87,8.46,85.96,0,4.01,6.69
"Malware","Upward","Circular","USB",9.63,5.43,39.75,1,3.31,5.9
"Virus","Forward","Random","Email",1.93,3.9,82.37,0,3.95,5.05
"Unpatched_System","Backward","Random","Internal_System",9.36,4.62,56.24,1,9.11,6.89
"Insider_Attack","Forward","Circular","Network",3.85,9.15,65.25,0,3.84,5.98
"Hacker_AI","Forward","Hybrid","Email",5.47,6.16,50.37,1,5.45,5.43
"Weak_Password","Forward","Hybrid","Internal_System",3.14,9.87,10.02,1,9.34,4.25
"Hacker_Human","Backward","Circular","Network",2.98,3.99,28.71,0,5.6,3.4
"Data_Leak","Downward","Hybrid","Email",2.55,4.11,13.88,0,8.63,3.01
"Virus","Cross","Circular","Internal_System",9.53,3.98,86.72,0,9.92,8.12
"Hacker_AI","Forward","Hybrid","Network",5.84,9.88,35.76,1,3.12,5.47
"Virus","Upward","Circular","Cloud",6.13,5.65,52.37,0,2.64,5.33
"Weak_Password","Backward","Hybrid","Cloud",2.57,6.63,24.62,1,4.76,3.56
"Misconfiguration","Upward","Circular","Network",5.09,2.17,34.26,0,5.39,3.87
"Unpatched_System","Downward","Circular","Email",7.33,7.22,50.46,0,8.98,6.56
"Hacker_AI","Forward","Hybrid","Cloud",9.45,7.1,13.52,1,1.26,4.92
"Hacker_Human","Upward","Circular","Network",8.03,5.78,66.44,1,3.78,6.6
"Malware","Upward","Linear","Internal_System",8.77,9,35.15,1,9.1,6.75
"Malware","Upward","Circular","Cloud",4.03,5.91,67.01,1,3.24,5.4
"Malware","Upward","Circular","Internal_System",7.17,3.27,65.27,0,4.18,5.83
"Unpatched_System","Upward","Random","Email",3.22,2.93,59.33,1,9.5,4.88
"Hacker_AI","Forward","Circular","Network",2.47,9.48,56.13,0,9.06,5.79
"Virus","Forward","Circular","Cloud",7.89,8.02,75.81,0,8.08,7.81
"Misconfiguration","Forward","Random","USB",4.35,7.56,59.12,0,7.22,5.9
"Phishing","Downward","Linear","Internal_System",9.38,1.86,62.88,0,7.61,6.46
"Hacker_Human","Upward","Circular","Network",3.6,4.42,44.82,1,4.66,4.22
"Insider_Attack","Cross","Random","Cloud",4.76,7.14,50.79,0,6.2,5.51
"Weak_Password","Downward","Random","Cloud",5.21,8.36,82.25,0,6.17,7.14
"Insider_Attack","Upward","Random","Email",9.28,3.45,92.21,1,5.44,7.71
"Data_Leak","Backward","Circular","Network",8.85,5.67,47.94,0,1.04,5.81
"Malware","Upward","Circular","USB",7.97,3.42,18.67,0,1.03,3.92
"Weak_Password","Backward","Hybrid","Network",5.37,7.14,57.87,0,6.32,5.99
"Hacker_AI","Cross","Circular","Cloud",3.83,9.28,48.91,0,9.73,5.93
"Weak_Password","Upward","Circular","Cloud",7.54,5.12,44.56,1,2.42,5.31
"Virus","Downward","Linear","Cloud",5.2,6.96,64.04,0,2.87,5.8
"Unpatched_System","Cross","Random","USB",5.21,3.41,53.03,1,6.37,5
"Malware","Backward","Circular","Email",7.76,1.78,68,0,5.5,5.95
"Weak_Password","Cross","Linear","Internal_System",6.74,2.53,18.91,0,2.19,3.5
"Misconfiguration","Backward","Hybrid","Internal_System",1.58,8.28,29.39,0,2.88,3.59
"Phishing","Upward","Hybrid","Network",9.43,6.75,49.38,0,6.58,6.81
"Insider_Attack","Upward","Hybrid","Email",2.02,4.44,39.04,0,4.4,3.5
"Malware","Forward","Circular","Network",9.24,9.06,99.48,0,1.39,8.7
"Hacker_AI","Forward","Circular","USB",6.18,3.13,40.89,1,8.42,4.96
"Data_Leak","Upward","Hybrid","Internal_System",4.74,5.29,76.31,1,1.53,5.69
"Weak_Password","Forward","Random","Email",7.32,3.26,63.4,1,5.69,5.95
"Insider_Attack","Backward","Circular","Internal_System",9.99,7.04,57.08,0,8.43,7.53
"Hacker_AI","Backward","Linear","Email",9.56,5.85,83.95,0,5.81,7.98
"Virus","Downward","Hybrid","Email",9.03,6.78,50.01,1,9.63,7.03
"Weak_Password","Downward","Linear","Cloud",8.29,3.72,75.6,1,3.45,6.6
"Hacker_Human","Cross","Circular","Internal_System",6.89,6.25,82.42,1,3.07,6.92
"Data_Leak","Downward","Linear","Network",4.78,3.95,19.08,1,5.49,3.54
"Virus","Backward","Linear","Email",8.38,9.77,14.51,1,3.47,5.4
"Data_Leak","Downward","Hybrid","Network",7.1,4.78,45.87,1,9.89,5.91
"Phishing","Forward","Linear","USB",9.61,6.65,62.07,0,1.34,6.83
"Malware","Forward","Hybrid","USB",3.49,6.47,94.12,1,3.11,6.42
"Hacker_AI","Downward","Random","Internal_System",5.73,6.37,67.55,1,7.51,6.45
"Hacker_Human","Backward","Linear","USB",4.84,7.85,56.79,1,7.62,6.06
"Hacker_Human","Upward","Circular","Internal_System",4.43,8.22,24.13,1,9.82,4.92
"Hacker_Human","Cross","Linear","Cloud",6.95,1.01,93.3,0,7.12,6.73
"Virus","Forward","Circular","Network",2.46,3.77,80.45,0,2.67,4.98
"Virus","Backward","Random","Network",4.23,1.62,70.42,1,4.94,4.9
"Unpatched_System","Upward","Hybrid","Internal_System",5.69,5.75,70.97,1,1.28,5.82
"Insider_Attack","Cross","Random","USB",8.65,5.12,77.64,0,7.2,7.44
"Malware","Downward","Random","USB",6.01,8.6,48.21,0,4.16,5.87
"Insider_Attack","Upward","Hybrid","Internal_System",9.5,3.19,45.83,1,7.02,6.02
"Phishing","Upward","Random","USB",9.44,5.16,96.69,0,4.84,8.22
"Phishing","Cross","Random","Cloud",1.54,6.9,65.76,1,9.15,5.39
"Hacker_AI","Backward","Linear","Email",7.99,4.72,72.58,1,5.35,6.78
"Malware","Downward","Circular","Network",5.87,4.28,40.72,1,4.75,4.72
"Unpatched_System","Upward","Hybrid","Internal_System",6.42,7.24,61.88,0,1.92,6.04
"Phishing","Downward","Hybrid","Internal_System",6.05,4.48,37.86,1,8.61,5.09
"Hacker_Human","Cross","Hybrid","Network",2.24,5.9,65.18,1,9.65,5.42
"Hacker_AI","Cross","Linear","USB",4.35,4.06,79.3,1,3.54,5.64
"Phishing","Backward","Random","USB",3.21,8.66,72.1,1,5.72,6.15
"Malware","Upward","Random","Internal_System",7.69,8.4,55.08,1,5.63,6.75
"Insider_Attack","Upward","Circular","Internal_System",9.34,3.57,57.15,1,8.68,6.67
"Hacker_AI","Upward","Hybrid","Internal_System",4.81,5.5,39.18,0,8.83,4.99
"Weak_Password","Backward","Random","Email",3.84,4.41,10.99,0,7.47,3.22
"Hacker_AI","Downward","Hybrid","USB",9.34,7.77,49.23,0,6.66,6.99
"Malware","Downward","Hybrid","Internal_System",5.62,9.06,30.04,1,5.81,5.28
"Unpatched_System","Upward","Hybrid","Email",2.19,7.76,83.3,1,8.94,6.44
"Virus","Cross","Circular","Network",5.24,4.39,39.96,1,9.8,5.03
"Unpatched_System","Upward","Random","USB",3.03,6.98,21.19,1,8.19,3.97
"Hacker_Human","Forward","Linear","Network",1.02,2.05,57.43,1,3.13,3.33
"Unpatched_System","Downward","Circular","USB",1.37,6.28,30.33,1,9.92,3.87
"Weak_Password","Backward","Linear","Internal_System",5.13,9.17,84.41,0,6.7,7.42
"Virus","Downward","Circular","Cloud",1.48,1.34,83.63,1,7.12,4.77
"Phishing","Downward","Random","USB",7.7,6.69,48,1,9.13,6.48
"Insider_Attack","Backward","Hybrid","Cloud",3.59,6.02,17.83,0,6.14,3.61
"Misconfiguration","Cross","Hybrid","Email",2.09,7.4,15.09,0,6.67,3.38
"Hacker_AI","Backward","Hybrid","USB",4.63,5.05,72.28,1,6.58,5.95
"Malware","Cross","Hybrid","USB",1.96,3.7,49.52,1,6.34,3.94
"Hacker_Human","Cross","Random","Email",4.29,5.48,95.39,1,7.39,6.94
"Phishing","Cross","Circular","USB",6.25,1.64,62.67,1,2.5,4.96
"Hacker_AI","Downward","Circular","Email",8.24,4.68,18.97,1,1.86,4.35
"Data_Leak","Cross","Circular","Internal_System",1.48,4.65,62.69,1,6.77,4.56
"Hacker_Human","Cross","Linear","Network",3.47,8.05,51.9,1,3.64,5.09
"Weak_Password","Downward","Circular","Internal_System",6.46,6.66,46.35,0,4.49,5.57
"Data_Leak","Backward","Hybrid","Email",4.06,7.74,53.2,1,6.38,5.53
"Hacker_AI","Cross","Circular","Network",8.63,8.86,75.87,0,3.98,7.79
"Hacker_Human","Forward","Hybrid","Email",2.65,5.44,36.97,0,8.06,4.17
"Hacker_AI","Upward","Random","Cloud",1.66,2.04,49.34,0,7.08,3.59
"Phishing","Forward","Hybrid","Network",5.58,4.25,99.68,1,7.14,7.23
"Misconfiguration","Forward","Random","Network",9.79,1,95.25,0,3.6,7.31
"Phishing","Cross","Hybrid","Cloud",2.4,4.3,84.6,0,1.64,5.13
"Weak_Password","Backward","Random","Cloud",6.87,4.15,26.47,1,8.47,4.8
"Phishing","Cross","Hybrid","Internal_System",6.98,2.97,46.34,0,6.36,5.18
"Data_Leak","Forward","Circular","USB",1.07,9.85,59.08,0,4.28,5.08
"Malware","Backward","Hybrid","Cloud",3.03,1.2,59.23,0,2.51,3.77
"Unpatched_System","Forward","Circular","Email",9.98,8.81,67,0,9.28,8.36
"Data_Leak","Upward","Linear","Internal_System",9.8,4.38,81.33,1,9.27,8
"Phishing","Backward","Hybrid","Network",3.91,9.88,77.19,0,3.06,6.54
"Data_Leak","Cross","Circular","Email",8.14,3.54,69.08,0,4.06,6.32
"Insider_Attack","Backward","Circular","Email",6.53,7.55,10.05,1,5.54,4.43
"Weak_Password","Forward","Linear","USB",2.14,6.93,92.66,0,9.93,6.73
"Phishing","Cross","Circular","Network",7.97,7.89,34.36,0,2.39,5.58
"Malware","Backward","Random","Internal_System",8.1,6.09,65.25,0,3.62,6.62
"Data_Leak","Backward","Random","Internal_System",5.78,2.77,36.78,1,7.08,4.47
"Unpatched_System","Downward","Random","Email",4.78,9.36,19.74,1,6.97,4.79
"Virus","Backward","Linear","Email",3.32,3.09,85.47,1,9.54,5.99
"Hacker_AI","Forward","Circular","Network",2.22,3.13,62.94,0,3.81,4.19
"Hacker_AI","Downward","Linear","Internal_System",4.63,5.02,77.43,1,1.97,5.69
"Weak_Password","Forward","Circular","Email",4.72,8.15,94.02,0,9.46,7.75
"Insider_Attack","Forward","Random","USB",9.19,6.93,32.78,1,5.7,6.02
"Hacker_Human","Upward","Hybrid","USB",4.74,5.25,78.68,0,2.78,5.9
"Malware","Upward","Linear","Network",5.99,6.01,58.88,0,5.57,5.91
"Malware","Backward","Hybrid","Internal_System",1.06,4.05,95.97,1,1.26,5.09
"Hacker_AI","Cross","Hybrid","Email",1.06,5.6,97.3,0,1.24,5.45
"Data_Leak","Forward","Random","Network",4.67,8.87,34.09,1,2.26,4.76
"Weak_Password","Cross","Random","USB",7.69,2.95,77.06,1,2.38,6.22
"Insider_Attack","Upward","Random","Network",2.73,4.14,42,0,3.35,3.66
"Insider_Attack","Upward","Hybrid","Network",5.59,4.77,25.52,1,6.75,4.33
"Hacker_Human","Downward","Hybrid","Email",2.98,9.48,29.66,1,4.74,4.45
"Data_Leak","Backward","Random","Cloud",4.17,5.36,50.27,1,1.34,4.47
"Malware","Forward","Hybrid","Email",2.43,3.24,81.01,0,9.64,5.58
"Malware","Forward","Hybrid","USB",6.42,7.27,41.26,0,1.66,5.2
"Weak_Password","Forward","Hybrid","Network",9.06,7.91,91.38,0,9.27,8.88
"Hacker_Human","Backward","Circular","Internal_System",1.92,1.82,22.85,1,1.52,2.01
"Insider_Attack","Downward","Circular","Network",1.66,1.24,27.84,0,3.67,2.23
"Weak_Password","Cross","Linear","Email",5.64,2.91,19.39,0,7.16,3.77
"Weak_Password","Downward","Random","Email",2.29,1.94,34.96,1,3.8,2.85
"Weak_Password","Cross","Linear","Cloud",4.47,8.97,79.13,1,1.01,6.4
"Misconfiguration","Cross","Hybrid","Internal_System",3.27,3.17,21.9,0,7.6,3.25
"Malware","Backward","Linear","USB",3.12,6.73,31.36,0,5.3,4.07
"Malware","Cross","Hybrid","USB",9.97,1.46,61.66,1,4.19,6.17
"Misconfiguration","Forward","Linear","Cloud",7.62,7.77,75.71,0,4.14,7.28
"Unpatched_System","Forward","Hybrid","Internal_System",4.53,9.9,71.58,0,8.2,7.02
"Data_Leak","Cross","Random","USB",8.09,9.47,98.74,1,2.5,8.52
"Virus","Forward","Circular","Email",9.18,5.03,58.34,1,3.11,6.4
"Misconfiguration","Upward","Circular","Cloud",8.46,7.2,86.84,1,2.07,7.66
"Data_Leak","Forward","Linear","Email",6.59,1.61,76.36,1,1.53,5.51
"Hacker_Human","Upward","Linear","Internal_System",8.54,6.15,34.11,1,5.29,5.69
"Misconfiguration","Cross","Random","Network",6.16,1.29,88.6,0,5,6.15
"Data_Leak","Forward","Linear","Email",1.23,3.33,79.94,0,4.45,4.68
"Hacker_AI","Forward","Hybrid","Email",4.5,5.64,60.16,0,6.55,5.54
"Misconfiguration","Upward","Linear","Email",3.88,3.48,18.31,1,1.67,2.76
"Malware","Downward","Random","USB",1.89,7.45,94.36,0,2.98,6.13
"Data_Leak","Cross","Circular","Internal_System",7.76,5.5,16.46,0,4.55,4.54
"Unpatched_System","Cross","Circular","Network",7.77,5.04,75.5,1,2.17,6.58
"Unpatched_System","Upward","Linear","Cloud",5.59,9.67,80.55,0,4.6,7.29
"Virus","Cross","Circular","Network",3.31,4.58,57.01,1,5.63,4.75
"Data_Leak","Upward","Circular","USB",8.41,7.88,51.09,1,1.27,6.27
"Data_Leak","Upward","Random","USB",1.13,9.86,88.03,1,4.93,6.33
"Phishing","Backward","Linear","Internal_System",7.99,5.64,99.1,1,3.68,7.86
"Hacker_AI","Cross","Random","USB",1.17,4.12,15.26,0,3.58,2.14
"Malware","Backward","Hybrid","Cloud",3.47,2.38,72.07,0,3.75,4.77
"Virus","Upward","Hybrid","Cloud",7.82,3.36,89.08,1,6.52,7.23
"Malware","Downward","Hybrid","Internal_System",3.76,2.14,24.07,1,2.15,2.73
"Hacker_AI","Backward","Random","Network",3.94,7.26,95.33,1,5.61,7.01
"Weak_Password","Downward","Linear","Email",5.43,6.03,28.58,1,3.76,4.35
"Misconfiguration","Downward","Random","Internal_System",4.23,6.58,63.75,1,7.98,5.93
"Data_Leak","Downward","Linear","Cloud",7.75,9.29,39.22,0,9.5,6.7
"Insider_Attack","Forward","Circular","Network",5.72,7.27,63.42,0,4.35,6.14
"Virus","Forward","Circular","Internal_System",2.57,6.97,68.84,0,2.39,5.16
"Virus","Forward","Linear","Email",3.79,3.92,43.8,0,3.41,4.01
"Hacker_Human","Cross","Circular","Email",9.76,3.33,38.04,1,4.79,5.59
"Phishing","Forward","Hybrid","Email",8.04,6.94,66.72,0,6,7.07
"Unpatched_System","Forward","Random","Network",4.6,2.47,66.94,0,7.91,5.34
"Unpatched_System","Downward","Circular","USB",7.15,2.97,64.72,1,6.45,5.97
"Malware","Backward","Random","Cloud",1.74,7.56,24.25,1,4.06,3.41
"Malware","Upward","Circular","Email",5.1,4.24,56.07,0,5.92,5.21
"Malware","Cross","Linear","Email",5.95,3.94,92.01,0,6.08,6.86
"Unpatched_System","Upward","Linear","Internal_System",1.92,6.14,68.43,0,8.12,5.35
"Hacker_AI","Cross","Hybrid","Cloud",8.27,5.11,68.78,0,8.1,7.06
"Misconfiguration","Downward","Circular","Internal_System",1.96,7.15,74.51,1,7.75,5.77
"Hacker_AI","Forward","Random","Internal_System",2.96,1.2,37.59,1,5.62,3.19
"Hacker_Human","Forward","Hybrid","Cloud",6.12,9.25,58.16,0,9.47,6.96
"Data_Leak","Upward","Random","Network",1.33,7.96,20.2,0,9.48,3.75
"Data_Leak","Forward","Circular","Network",2.05,9.78,62.6,0,3.25,5.4
"Hacker_Human","Cross","Circular","Email",2.72,8.97,65.8,1,8.06,6.05
"Hacker_Human","Backward","Circular","USB",3.53,3.56,73.98,1,5.32,5.26
"Virus","Forward","Linear","Network",2.08,8.77,86.87,1,3.37,6.19
"Data_Leak","Backward","Random","Internal_System",1.99,3.27,57.14,1,4.04,3.94
"Insider_Attack","Backward","Linear","Cloud",9.58,5.9,47.17,1,6.38,6.58
"Phishing","Forward","Circular","Network",8.39,2.42,34.61,1,3.89,4.77
"Virus","Downward","Linear","Internal_System",3.54,4.59,19.59,0,2.85,3.05
"Hacker_Human","Backward","Linear","Cloud",9.52,5.95,12.65,1,3.61,4.91
"Data_Leak","Upward","Random","Network",5.94,3.43,17.05,1,5.57,3.71
"Weak_Password","Forward","Random","Network",1.19,3.22,15.49,1,8.63,2.48
"Virus","Backward","Circular","USB",4.53,3.96,47.24,0,2.59,4.3
"Hacker_Human","Backward","Circular","USB",4.62,7.42,73.53,0,3.79,6.19
"Hacker_AI","Upward","Hybrid","Network",8.74,7.1,85.06,0,7.14,8.16
"Virus","Backward","Hybrid","Email",8.38,3.65,54.51,1,2.13,5.64
"Weak_Password","Cross","Random","Cloud",9.45,8.45,41.02,0,1.6,6.33
"Data_Leak","Cross","Linear","USB",1.47,3.68,40.43,0,9.02,3.7
"Virus","Cross","Circular","Cloud",2.73,1.58,94.43,1,4.5,5.36
"Insider_Attack","Upward","Linear","Cloud",2.22,4.58,65.14,1,7.61,4.95
"Weak_Password","Upward","Linear","Internal_System",2.56,5.65,87.54,0,5.33,5.93
"Unpatched_System","Downward","Circular","Cloud",3.7,5.03,10.04,0,6.25,3.14
"Hacker_Human","Cross","Random","Email",4.42,4.58,91.92,0,9.75,6.89
"Virus","Downward","Random","Email",5.76,9.6,46.76,1,3.4,5.86
"Malware","Backward","Hybrid","Network",9.92,2.49,87.77,1,2.25,7.21
"Malware","Backward","Linear","Cloud",1.08,8.75,12.64,1,6.79,3.26
"Unpatched_System","Cross","Linear","Email",5.25,6.91,92.13,0,7.71,7.41
"Unpatched_System","Downward","Hybrid","Email",3.31,8.2,87.83,0,3.05,6.45
"Misconfiguration","Upward","Linear","Internal_System",6.51,4.87,50.64,1,1.02,5.05
"Insider_Attack","Forward","Hybrid","Internal_System",6.92,6.22,48.51,1,6.09,5.87
"Phishing","Backward","Random","Cloud",2.54,5.2,72.72,1,9.79,5.69
"Hacker_AI","Forward","Random","Network",3.43,4.95,45.22,1,7.37,4.56
"Hacker_Human","Cross","Linear","USB",5.98,8.49,52.51,1,8.58,6.45
"Hacker_AI","Cross","Random","Cloud",4.25,6.95,54.21,1,9.33,5.77
"Virus","Cross","Hybrid","Email",1.79,9.33,34.6,1,7.71,4.56
"Hacker_AI","Cross","Linear","Cloud",2.42,9.21,87.1,0,5.49,6.6
"Virus","Cross","Random","Network",9.7,2.71,11.04,0,5.35,4.43
"Weak_Password","Upward","Circular","USB",4.01,4.71,65.06,0,1.04,4.85
"Malware","Upward","Circular","Internal_System",8.67,5.71,48.38,0,2.71,5.95
"Hacker_Human","Upward","Linear","Network",1.09,8.08,92.8,0,6.43,6.3
"Data_Leak","Upward","Circular","Internal_System",4.43,6.28,86.9,1,8.66,6.93
"Weak_Password","Forward","Hybrid","Email",3.2,5.73,56.2,0,3.34,4.69
"Virus","Downward","Hybrid","Network",4.76,4.84,45.3,1,5.72,4.78
"Hacker_AI","Downward","Hybrid","Email",4.02,7.52,46.16,1,5.14,5.07
"Phishing","Forward","Random","Network",1.82,5.79,51.35,0,4.92,4.25
"Misconfiguration","Downward","Circular","USB",2.33,6.5,68.52,0,7.22,5.46
"Hacker_AI","Backward","Hybrid","USB",9.18,8.37,67.62,0,9.26,8.06
"Weak_Password","Downward","Random","Network",7.82,3.53,65.87,1,5.31,6.22
"Hacker_Human","Backward","Linear","Internal_System",6.34,4.03,17.44,0,1.66,3.57
"Phishing","Upward","Hybrid","Cloud",7.94,7.08,10.92,0,5.39,4.77
"Unpatched_System","Cross","Circular","Email",4.82,4.24,88.64,1,7.7,6.61
"Malware","Forward","Hybrid","Network",5.19,1.24,90.31,1,9.03,6.32
"Data_Leak","Upward","Circular","Internal_System",5.6,3.23,40.24,0,8.15,4.75
"Misconfiguration","Cross","Hybrid","Email",7.81,6.65,40.03,1,4.98,5.77
"Data_Leak","Upward","Random","Internal_System",1.98,1.74,92.2,1,2.1,4.84
"Misconfiguration","Backward","Linear","Internal_System",5.49,6.03,63.02,1,7.87,6.16
"Weak_Password","Forward","Circular","Network",6.54,7.59,78.58,1,3.7,6.99
"Misconfiguration","Cross","Hybrid","Email",5.72,6.36,79.96,1,8.54,7.04
"Malware","Upward","Circular","USB",5.24,5.39,86.87,1,2.1,6.33
"Data_Leak","Forward","Random","Email",8.48,4.45,57.33,1,5.21,6.25
"Misconfiguration","Forward","Hybrid","USB",8.04,3.85,79.07,1,2.84,6.63
"Unpatched_System","Downward","Hybrid","Cloud",9.82,8.28,30.65,0,4.35,6.26
"Unpatched_System","Forward","Hybrid","Cloud",9.11,4.75,37.89,0,8.03,6
"Virus","Downward","Random","Network",7.19,2.79,86.24,1,2.01,6.37
"Weak_Password","Downward","Circular","Internal_System",4.3,7.26,83.42,0,6.56,6.73
"Virus","Backward","Hybrid","Internal_System",8.45,6.99,84.29,1,3.24,7.63
"Insider_Attack","Downward","Random","Network",5.25,8.66,38.57,1,3.74,5.22
"Hacker_Human","Cross","Linear","Internal_System",5.42,3.32,43.68,1,9.12,4.95
"Malware","Upward","Linear","Internal_System",6.41,8.48,92.68,1,7.16,8.04
"Data_Leak","Upward","Random","USB",9.34,3.66,66.56,0,4.44,6.64
"Hacker_Human","Downward","Linear","Internal_System",9.38,7.07,60.07,1,6.84,7.31
"Weak_Password","Forward","Circular","Email",6.48,9.04,25.61,1,2.29,5.01
"Hacker_AI","Downward","Hybrid","Network",9.81,5.03,15.22,0,8.77,5.43
"Malware","Cross","Random","Internal_System",7.72,5.76,11.73,1,4.86,4.42
"Malware","Backward","Circular","Email",4.44,4.82,97.11,1,1.15,6.3
"Insider_Attack","Cross","Random","Network",2.49,7.24,13.89,1,1.19,2.87
"Unpatched_System","Cross","Linear","Cloud",1.58,5.77,29.92,0,7.06,3.53
"Misconfiguration","Cross","Random","Internal_System",7.57,3.9,29.43,1,8.02,5.03
"Phishing","Downward","Random","Cloud",5.88,6.85,61.19,1,2.2,5.8
"Hacker_AI","Cross","Hybrid","Cloud",5.15,6.1,68.91,1,2.07,5.73
"Weak_Password","Forward","Random","USB",1.96,7.47,56.57,1,4.61,4.81
"Hacker_AI","Forward","Circular","Email",8.04,4.15,54.39,0,4.06,5.82
"Virus","Upward","Linear","USB",9.19,5.19,26.21,1,2.33,5.08
"Hacker_Human","Forward","Hybrid","Internal_System",4.75,9.76,87.47,1,5.99,7.47
"Virus","Backward","Random","Cloud",9.77,1.06,56.38,1,9.79,6.38
"Virus","Upward","Hybrid","Internal_System",6.52,6.7,42.94,1,6.17,5.63
"Malware","Downward","Circular","USB",3.79,7.74,55.67,1,3.39,5.25
"Hacker_Human","Upward","Linear","Cloud",2.29,3.25,60.37,0,3.99,4.15
"Weak_Password","Downward","Circular","Internal_System",8.48,6.64,22.05,1,6.71,5.42
"Data_Leak","Cross","Hybrid","Cloud",8.61,4.15,21.48,0,1.81,4.45
"Malware","Downward","Circular","USB",7.79,5.12,23.94,0,6.98,5.02
"Data_Leak","Backward","Hybrid","Email",9.49,2.47,82.23,1,8.48,7.48
"Unpatched_System","Cross","Circular","Cloud",1.52,4.61,50.1,1,2.93,3.68
"Phishing","Cross","Linear","Internal_System",1.42,2.08,25.37,0,3.05,2.16
"Hacker_AI","Downward","Hybrid","Network",9.06,1.32,14.35,0,7.93,4.35
"Weak_Password","Backward","Hybrid","Email",8.71,1.52,38.51,0,4.56,4.91
"Misconfiguration","Backward","Hybrid","USB",1.25,6.46,35.31,1,6.62,3.74
"Hacker_Human","Cross","Hybrid","Internal_System",8.07,1.52,40.82,0,6.05,4.96
"Hacker_AI","Upward","Circular","Email",4.92,3.81,62.24,0,5.59,5.29
"Data_Leak","Downward","Linear","Email",1.7,4.27,13.76,0,3.7,2.28
"Data_Leak","Downward","Linear","Network",6.29,7.68,37.72,0,6.91,5.62
"Virus","Backward","Random","USB",8,1.51,77.46,0,3.04,6.1
"Virus","Backward","Linear","Email",7.99,2.94,32.55,1,3.33,4.62
"Misconfiguration","Cross","Random","USB",5.46,2.92,55.27,0,4.43,4.88
"Unpatched_System","Forward","Circular","USB",8.37,1.55,94.94,0,5.91,7.21
"Hacker_AI","Cross","Linear","Network",6.55,1.96,79.21,1,6.64,6.19
"Unpatched_System","Downward","Linear","Cloud",9.99,6.48,77.81,0,8.07,8.21
"Insider_Attack","Forward","Hybrid","Network",8.78,9.84,55.36,1,8.39,7.66
"Weak_Password","Cross","Linear","USB",5.39,2,53.13,1,5.96,4.74
"Hacker_AI","Forward","Circular","USB",9.21,6.61,24.56,1,4.64,5.53
"Virus","Downward","Random","Internal_System",2.67,4.66,98.21,0,9.74,6.64
"Insider_Attack","Forward","Random","Internal_System",9.85,8.94,27.61,1,6.67,6.51
"Hacker_AI","Forward","Random","Email",1.96,7.81,57.35,0,6.11,5.06
"Malware","Backward","Hybrid","Network",7.14,9.33,83.54,1,1.24,7.47
"Hacker_Human","Upward","Hybrid","Network",7.18,3.38,20.16,0,1.63,3.8
"Hacker_Human","Backward","Linear","Internal_System",9.01,9.92,81.34,1,5.16,8.46
"Data_Leak","Upward","Linear","Internal_System",3.58,9.34,29.26,1,5.76,4.69
"Virus","Upward","Random","Cloud",9.2,3.63,21.18,0,6.05,4.94
"Malware","Cross","Random","Network",3.02,1.56,99.89,0,2.64,5.48
"Insider_Attack","Backward","Hybrid","Network",9.16,2.46,69.51,1,9.4,6.96
"Malware","Downward","Hybrid","USB",6.97,2.68,30.19,1,5.34,4.37
"Malware","Backward","Linear","Network",6.19,5.08,23.85,1,4.66,4.29
"Weak_Password","Upward","Circular","USB",9.51,2.19,99.72,0,1.41,7.42
"Data_Leak","Backward","Linear","USB",6.98,2.62,65,1,1.52,5.37
"Data_Leak","Downward","Linear","USB",9.18,4.11,92.19,1,2.8,7.54
"Insider_Attack","Downward","Linear","Internal_System",2.87,1.82,61.89,0,2.01,3.9
"Unpatched_System","Forward","Linear","Network",2.28,3.54,23.05,1,2.67,2.58
"Insider_Attack","Downward","Hybrid","Email",7.15,3.63,22.27,0,3.23,4.08
"Hacker_AI","Cross","Hybrid","Internal_System",3.88,7.79,34.77,0,9.48,5.06
"Unpatched_System","Downward","Circular","Internal_System",9.46,3.03,84.36,0,5.57,7.38
"Insider_Attack","Cross","Circular","Network",6.71,9.42,88.19,1,2.94,7.72
"Phishing","Backward","Linear","Email",2.17,2.11,35.45,1,9.33,3.42
"Virus","Forward","Linear","Network",8.69,9.74,63.5,1,8.58,7.95
"Hacker_Human","Backward","Hybrid","Network",6.34,4.35,48.58,0,5.55,5.27
"Virus","Backward","Random","Cloud",3.94,3.89,19.12,0,6.87,3.41
"Virus","Downward","Circular","Network",1.76,9.37,31.99,1,9.22,4.6
"Misconfiguration","Cross","Circular","Internal_System",3.41,7.85,66.42,0,3.25,5.57
"Unpatched_System","Cross","Circular","Internal_System",4.53,1.3,72.71,1,3.87,4.91
"Hacker_Human","Cross","Random","Cloud",3.77,1.03,24.09,0,1.49,2.45
"Unpatched_System","Downward","Random","USB",4.28,1.06,91.07,1,6.1,5.75
"Phishing","Backward","Hybrid","Internal_System",8.53,6.83,78.68,0,1.83,7.26
"Hacker_AI","Forward","Hybrid","Email",6.31,2.7,82.72,1,3.59,6.1
"Data_Leak","Cross","Linear","Network",9.88,2.67,18.7,0,9.47,5.19
"Phishing","Upward","Random","Internal_System",8.27,4.44,26.86,1,7.03,5.15
"Hacker_AI","Backward","Hybrid","Cloud",6.23,6.64,22.64,0,6.45,4.75
"Misconfiguration","Forward","Random","USB",9.56,4.21,30.69,0,5.14,5.45
"Data_Leak","Forward","Linear","Internal_System",6.83,6.92,97.73,1,7.65,8.11
"Virus","Backward","Random","Cloud",4.89,3.29,63.61,0,5.78,5.25
"Phishing","Forward","Random","Cloud",6.76,1.82,35.39,1,1.55,3.96
"Insider_Attack","Cross","Hybrid","Cloud",2.31,1.69,58.05,1,5.75,3.93
"Hacker_Human","Downward","Linear","Email",6.76,8.86,16.24,0,9.28,5.38
