"Record_ID","Threat","Vulnerability","Attack_Type","Severity","CVSS_Score","Detection_Time","Response_Time","Security_Control_Effectiveness","Attack_Success","Risk_Score"
1,"Malware","Weak Encryption","Network Attack","Medium",5.2,18.53,28.13,77.23,"Yes",47.22
2,"DDoS","Missing Security Patch","Network Attack","Medium",4.2,9.63,9.1,92.92,"No",19.3
3,"Phishing","System Misconfiguration","Web Attack","Medium",5.02,9.95,27.52,60.66,"No",30.01
4,"Insider Threat","Outdated Software","Web Attack","High",6.95,19.34,19.7,56.35,"No",47.9
5,"Insider Threat","Weak Password","Network Attack","High",7.61,16.52,33.9,92.85,"No",45.96
6,"Malware","Outdated Software","Web Attack","Medium",3.94,10.38,12.99,79.29,"Yes",34.85
7,"Phishing","Weak Encryption","Network Attack","High",8.65,27.91,40.53,41.74,"No",65.49
8,"Insider Threat","System Misconfiguration","Network Attack","Low",3.46,8.56,11.9,65.91,"Yes",32.78
9,"DDoS","Insecure API","Social Engineering","Low",3.36,8.37,10.43,66.12,"No",16.93
10,"Phishing","Weak Password","Web Attack","Low",3.07,5.09,14.54,56.45,"Yes",30.07
11,"Insider Threat","Outdated Software","Web Attack","Low",3.54,7.83,9.78,62.96,"Yes",33.45
12,"Phishing","Outdated Software","Web Attack","Low",3.3,5.83,8.85,85.76,"No",12.58
13,"DDoS","SQL Injection","Network Attack","Medium",4.47,21.93,25.63,64.64,"Yes",45.39
14,"DDoS","Weak Password","Social Engineering","Medium",5.19,22.66,28.12,51.39,"No",37.72
15,"Malware","Weak Encryption","Network Attack","Critical",9.22,33.42,41.62,70.15,"No",67.38
16,"Insider Threat","Insecure API","Network Attack","Medium",6.11,19.62,29,79.31,"No",38.73
17,"Malware","Weak Password","Social Engineering","Medium",4.77,6.98,8.95,93.28,"No",22.2
18,"Malware","Weak Password","Social Engineering","High",8.77,56.15,41.57,46.46,"Yes",91.89
19,"Phishing","Missing Security Patch","Social Engineering","High",7.23,17.03,22.61,41.04,"Yes",66.27
20,"Insider Threat","Missing Security Patch","Network Attack","Medium",5.56,17.16,33.21,58.75,"Yes",51.97
21,"Insider Threat","Cross Site Scripting","Web Attack","Low",3.74,8.97,14.52,86.76,"Yes",31.77
22,"DDoS","Insecure API","Network Attack","Critical",10,40.43,33.58,90.4,"No",72.61
23,"DDoS","Insecure API","Social Engineering","High",7.98,23.87,22.21,52.29,"Yes",72.54
24,"Insider Threat","Open Port","Social Engineering","High",7.36,16.03,26.97,41.66,"No",51.69
25,"DDoS","Privilege Escalation","Social Engineering","High",7.26,15.95,24.33,85.48,"Yes",59.4
26,"DDoS","SQL Injection","Network Attack","Critical",8.95,36.58,38.81,61.65,"Yes",83
27,"Phishing","Outdated Software","Network Attack","Critical",9.21,38.82,42.69,58,"Yes",86.31
28,"DDoS","Outdated Software","Web Attack","Low",2.52,9.27,16.28,46.19,"No",14.43
29,"Malware","Missing Security Patch","Network Attack","High",7.44,21.49,22.58,84.31,"No",48.05
30,"Malware","Missing Security Patch","Web Attack","Low",3.07,6.82,10.76,60.16,"Yes",30.23
31,"Insider Threat","Open Port","Network Attack","Critical",9.2,36.79,30.15,62.67,"No",69.69
32,"Insider Threat","Weak Encryption","Web Attack","Low",2.01,7.95,12.45,51.61,"Yes",24.52
33,"DDoS","Cross Site Scripting","Network Attack","Low",1.65,6.37,12.08,54.89,"Yes",20.89
34,"DDoS","Cross Site Scripting","Network Attack","Critical",9.72,20.91,34.96,79.96,"Yes",79.43
35,"Malware","Outdated Software","Web Attack","Medium",5.23,18.7,26.65,46.03,"Yes",52.17
36,"Phishing","Insecure API","Network Attack","High",8.48,23.71,39.96,69.05,"Yes",73.46
37,"DDoS","Open Port","Network Attack","Medium",5.7,17.19,33.11,48.76,"Yes",54.43
38,"Malware","Missing Security Patch","Web Attack","Medium",5.59,18.31,21.47,48.29,"Yes",54.21
39,"Phishing","Missing Security Patch","Web Attack","Medium",5.08,20.54,19.75,59.71,"Yes",49.85
40,"Malware","SQL Injection","Web Attack","High",8.66,18.37,25.3,84.99,"No",55.23
41,"Malware","System Misconfiguration","Web Attack","Low",3.45,11.69,13.99,66.61,"Yes",33.81
42,"Phishing","Missing Security Patch","Network Attack","High",8.52,26.84,36.69,58.62,"No",61.61
43,"Phishing","Insecure API","Network Attack","High",8.15,43.5,43.49,78.31,"No",62.71
44,"Phishing","Privilege Escalation","Network Attack","Medium",5.52,21.17,31.73,47.5,"No",39.97
45,"Malware","SQL Injection","Social Engineering","Medium",5.57,16.22,26.73,65.83,"Yes",50.64
46,"Malware","System Misconfiguration","Network Attack","High",8.7,37.84,58.71,70.76,"No",65.4
47,"Malware","SQL Injection","Network Attack","High",8.66,33.04,48.88,89.01,"Yes",75.47
48,"Phishing","Weak Encryption","Network Attack","Low",3.46,9.26,11.33,45.77,"Yes",36.06
49,"Malware","Weak Password","Web Attack","Critical",9.01,24.05,45.11,45.91,"No",65.81
50,"Insider Threat","Missing Security Patch","Social Engineering","Low",3.09,5.62,10.76,61.77,"Yes",29.59
51,"Malware","Open Port","Network Attack","Medium",6.53,18.37,28.47,79.08,"No",41.23
52,"Phishing","Open Port","Web Attack","High",7.05,21.31,23.38,63.14,"Yes",63.38
53,"DDoS","Cross Site Scripting","Web Attack","Low",2.44,7.44,15.51,85.12,"No",7.27
54,"Malware","Outdated Software","Network Attack","High",8.61,23.54,48.93,44.14,"No",63.1
55,"DDoS","SQL Injection","Social Engineering","Medium",6.45,16.4,25.87,78.23,"Yes",55
56,"Malware","Insecure API","Social Engineering","Critical",9.66,44.09,41.35,75.48,"No",73.93
57,"Malware","Outdated Software","Network Attack","Low",3.51,5.09,9.82,64.68,"No",16.89
58,"DDoS","Insecure API","Web Attack","High",8.01,23.99,23.85,68.19,"No",55.42
59,"Insider Threat","Outdated Software","Network Attack","High",8.22,25.43,62.01,56.87,"Yes",74.15
60,"Phishing","Missing Security Patch","Social Engineering","High",8.78,30.84,53.62,68.1,"Yes",78.58
61,"DDoS","Missing Security Patch","Network Attack","High",7.93,40.09,56.53,44.36,"No",64.89
62,"Malware","Missing Security Patch","Social Engineering","Medium",6.01,23.81,28.21,90.57,"Yes",53.01
63,"Phishing","SQL Injection","Network Attack","Medium",5.59,20.3,21.48,43.37,"No",40.74
64,"Malware","Weak Encryption","Network Attack","Medium",5.72,21.1,22.62,86.88,"No",35.44
65,"Insider Threat","Privilege Escalation","Network Attack","Medium",6.18,22.08,18.97,81.67,"No",39.83
66,"Phishing","Weak Password","Web Attack","High",7.64,26.17,28.07,42.36,"No",57.56
67,"Insider Threat","Outdated Software","Web Attack","Medium",6.58,16.01,27.45,60.64,"Yes",58.37
68,"Insider Threat","Weak Encryption","Social Engineering","Medium",5.75,19.15,21.57,41.78,"No",41.63
69,"DDoS","Weak Password","Network Attack","Medium",4.13,9.38,15.73,43.57,"No",26.13
70,"Phishing","Privilege Escalation","Social Engineering","Critical",10,30.47,52.73,42.28,"No",75.85
71,"DDoS","SQL Injection","Web Attack","Medium",4.92,16.17,29.73,78.33,"Yes",44.13
72,"DDoS","Privilege Escalation","Social Engineering","Medium",5.54,19.38,20.5,64.76,"No",36.79
73,"DDoS","Missing Security Patch","Web Attack","Medium",5.87,17.84,21.94,83.18,"No",35.72
74,"Malware","Cross Site Scripting","Web Attack","Medium",4.45,18.97,27.37,70.47,"No",28.16
75,"Phishing","Weak Encryption","Network Attack","High",8.8,31.58,52.2,40.87,"Yes",83.07
76,"Malware","Cross Site Scripting","Web Attack","High",7.17,8.51,30.62,50.15,"No",46.07
77,"Phishing","Missing Security Patch","Network Attack","High",7.45,32.59,36.13,93.18,"No",51.24
78,"DDoS","System Misconfiguration","Social Engineering","Low",3,10.63,13.6,46.92,"Yes",33.19
79,"Phishing","SQL Injection","Social Engineering","Medium",6.64,9.69,25.98,89.04,"Yes",52.03
80,"Malware","Outdated Software","Social Engineering","Medium",6.77,21.44,20.13,65.08,"No",46.18
81,"Malware","SQL Injection","Social Engineering","Critical",9.36,25.23,58.91,45.65,"No",68.74
82,"DDoS","Outdated Software","Web Attack","Low",2.86,9.53,12.95,69.23,"Yes",28.46
83,"Phishing","Outdated Software","Social Engineering","Low",2.65,10.29,12.1,51.58,"No",14.92
84,"DDoS","Outdated Software","Web Attack","High",6.94,18.87,29.34,40.23,"No",50.07
85,"Malware","Outdated Software","Web Attack","High",8.72,42.81,42.18,72.04,"No",67.32
86,"Phishing","Weak Encryption","Network Attack","Medium",3.92,8.76,14.53,85.63,"Yes",33.11
87,"Insider Threat","Weak Encryption","Network Attack","Low",3,8.36,10.26,75.32,"No",13.07
88,"Insider Threat","Weak Password","Social Engineering","High",7.02,15.45,33.66,93.14,"Yes",56.33
89,"Insider Threat","Open Port","Network Attack","Medium",4.13,7.97,15.62,46.43,"Yes",40.15
90,"Malware","Privilege Escalation","Network Attack","High",8.64,38.94,49.23,74.97,"No",64.82
91,"Malware","Weak Password","Web Attack","Medium",6.58,15.61,18.75,54.41,"No",44.15
92,"DDoS","System Misconfiguration","Web Attack","Low",2.15,7.09,14.05,40.21,"No",11.89
93,"Phishing","Privilege Escalation","Social Engineering","High",8.53,26.58,62.25,94.94,"Yes",71.12
94,"DDoS","Insecure API","Network Attack","Medium",6.83,25.79,31.07,63.46,"Yes",63.62
95,"Phishing","Insecure API","Web Attack","Medium",5.65,16.35,17.8,85.42,"No",33.28
96,"Malware","Weak Encryption","Social Engineering","Critical",9.22,46.37,37.64,54.85,"Yes",89.85
97,"DDoS","Weak Encryption","Social Engineering","Medium",5.12,21.53,17.42,90.48,"No",30.87
98,"Malware","Outdated Software","Social Engineering","Medium",5.04,9.14,6.86,48.22,"No",31.69
99,"Phishing","Outdated Software","Social Engineering","Medium",6.52,18.42,12.66,51.76,"Yes",60.24
100,"Phishing","Weak Password","Network Attack","Medium",6.16,15.65,20.56,89.9,"Yes",50.91
101,"DDoS","Insecure API","Network Attack","Medium",6.41,21.4,33.64,60.85,"Yes",59.34
102,"Phishing","Privilege Escalation","Network Attack","Low",3.83,20.97,20.24,43.53,"No",28.68
103,"Phishing","Weak Encryption","Web Attack","Critical",9.51,37.42,56.56,44.86,"Yes",89.81
104,"Insider Threat","SQL Injection","Social Engineering","Low",2.31,8.99,12.89,55.07,"No",11.53
105,"Phishing","Weak Encryption","Social Engineering","High",7.14,17.08,30.72,75.28,"Yes",60.54
106,"Insider Threat","System Misconfiguration","Web Attack","Medium",5.8,16.28,25.13,80.53,"Yes",50.03
107,"Insider Threat","Weak Password","Social Engineering","Medium",5.24,16.17,30.55,66.4,"Yes",48.17
108,"DDoS","Cross Site Scripting","Web Attack","Critical",9.86,42.8,41.6,41.43,"Yes",94.9
109,"Phishing","SQL Injection","Web Attack","Critical",8.92,35.69,34.93,94.43,"No",62.57
110,"Malware","Open Port","Social Engineering","Medium",6.43,14.7,19.7,62.41,"No",41.54
111,"Insider Threat","Outdated Software","Web Attack","Critical",9.21,30.04,43.85,60.63,"Yes",82.38
112,"Phishing","Missing Security Patch","Social Engineering","Medium",5.32,18.22,27.46,62.18,"Yes",50.23
113,"Malware","Weak Encryption","Network Attack","Critical",9.05,27.47,55.06,67.73,"Yes",79.19
114,"Insider Threat","Weak Encryption","Network Attack","High",7.54,19.49,25.79,49.71,"Yes",68.15
115,"DDoS","Cross Site Scripting","Network Attack","High",8.75,36.8,48.01,49.53,"Yes",83.57
116,"Malware","Weak Encryption","Network Attack","Medium",6.32,20.62,23.32,61.66,"No",43.26
117,"Phishing","Insecure API","Social Engineering","Medium",4.4,7.92,6.73,72.51,"Yes",38.12
118,"Insider Threat","System Misconfiguration","Social Engineering","Low",3.42,8.89,15.69,80.85,"Yes",30.37
119,"DDoS","Missing Security Patch","Network Attack","Medium",6.25,10.24,25.02,51.91,"No",40.09
120,"Phishing","Weak Password","Network Attack","Medium",5.12,14.1,19.87,61.84,"Yes",47.21
121,"DDoS","Privilege Escalation","Network Attack","Low",2.86,10.27,9.51,48.22,"No",16.9
122,"Phishing","SQL Injection","Web Attack","Medium",5.8,18.74,29.45,64.22,"Yes",53.5
123,"Phishing","Open Port","Web Attack","High",8.23,29.22,40.85,65.22,"Yes",74.54
124,"Malware","Open Port","Network Attack","Low",2.56,9.84,5.45,72.22,"Yes",26.04
125,"Phishing","Privilege Escalation","Network Attack","High",8.33,24.91,29.35,50.08,"No",60.77
126,"Insider Threat","Cross Site Scripting","Web Attack","Medium",6.23,24.15,33.17,87.03,"Yes",55.19
127,"Malware","Insecure API","Network Attack","Medium",5.69,15.21,22.31,50.68,"Yes",53.34
128,"Malware","SQL Injection","Web Attack","Medium",4.07,2.88,12.74,70.8,"No",19.01
129,"Malware","SQL Injection","Network Attack","Low",3.18,6.51,5.98,78.22,"Yes",28.1
130,"DDoS","System Misconfiguration","Social Engineering","Medium",6.01,11.4,24.92,45.84,"Yes",54.79
131,"DDoS","Insecure API","Web Attack","Low",2.78,8.09,13.38,87.4,"Yes",24.62
132,"Insider Threat","Cross Site Scripting","Web Attack","Medium",5.75,13.91,21.94,94.07,"Yes",46.68
133,"DDoS","Outdated Software","Web Attack","Low",2.97,5.01,9.66,84.42,"Yes",25.1
134,"DDoS","Privilege Escalation","Network Attack","High",8.56,33.45,47.64,75.26,"No",62.04
135,"Phishing","SQL Injection","Web Attack","High",7.36,19.33,32.38,67.39,"Yes",64.16
136,"DDoS","System Misconfiguration","Network Attack","High",8.25,44.45,49.75,83.29,"No",63.01
137,"Insider Threat","Open Port","Web Attack","High",7.87,37.82,35.1,69.49,"No",59.76
138,"DDoS","Privilege Escalation","Web Attack","Critical",9.36,31.22,43.11,71.54,"Yes",82.3
139,"Insider Threat","Cross Site Scripting","Web Attack","Medium",5.59,14.59,33.51,52.34,"Yes",52.1
140,"Phishing","SQL Injection","Network Attack","Critical",9.39,39.73,45.59,78.15,"Yes",84.93
141,"Phishing","Outdated Software","Web Attack","Medium",4.09,9.32,16.81,73.88,"No",21.27
142,"Phishing","Cross Site Scripting","Web Attack","High",6.97,17.18,23.93,51.22,"No",47.94
143,"Malware","Open Port","Network Attack","High",8.37,32.45,43.11,86.26,"Yes",73.65
144,"Malware","Weak Encryption","Network Attack","Critical",9.56,18.7,39.39,46.13,"No",67.45
145,"Insider Threat","Outdated Software","Web Attack","High",8.61,26.02,57.95,49.11,"Yes",78.29
146,"Malware","Weak Encryption","Web Attack","Medium",5.99,13.53,20.54,89.02,"Yes",48.99
147,"Malware","System Misconfiguration","Web Attack","High",6.99,25.48,24.38,86.26,"Yes",61.15
148,"Malware","Weak Encryption","Social Engineering","High",8.77,28.36,55.53,56.82,"Yes",79.25
149,"Malware","Outdated Software","Social Engineering","Critical",9.21,18.7,39.84,54.19,"Yes",78.79
150,"DDoS","Weak Password","Network Attack","Medium",5.99,13.57,23.63,68.96,"Yes",52.01
151,"Insider Threat","System Misconfiguration","Network Attack","Medium",5.18,19.44,26.68,76.66,"Yes",47.54
152,"Phishing","Insecure API","Network Attack","Medium",4.15,8.83,16.78,85.82,"Yes",34.7
153,"Phishing","System Misconfiguration","Network Attack","Medium",5.85,9.39,25.13,44.54,"Yes",53.04
154,"Malware","Insecure API","Web Attack","Medium",6.78,16.4,32,51.25,"Yes",61.36
155,"Malware","Cross Site Scripting","Network Attack","Critical",9.47,38.76,45.56,71.24,"No",71.08
156,"Phishing","Privilege Escalation","Social Engineering","Medium",5.7,17.29,27.35,80.38,"No",34.79
157,"DDoS","Privilege Escalation","Social Engineering","Critical",9.38,32.93,39.17,89.78,"No",65.35
158,"Malware","Insecure API","Web Attack","High",8.43,20.07,20.48,56,"No",58.63
159,"Phishing","Cross Site Scripting","Social Engineering","High",7.04,18.25,29.13,65.78,"No",46.7
160,"Malware","Open Port","Network Attack","Medium",6.25,17.77,25.45,55.59,"No",42.49
161,"Phishing","Privilege Escalation","Social Engineering","Critical",8.99,30.73,39.76,43.12,"No",68.75
162,"Phishing","SQL Injection","Social Engineering","Low",3.35,8.34,11.05,54.51,"No",18.63
163,"DDoS","SQL Injection","Network Attack","Medium",6.49,13.59,17.85,92.17,"Yes",52.01
164,"Phishing","Missing Security Patch","Web Attack","High",7.9,19.59,23.01,89.48,"Yes",64.73
165,"Phishing","Outdated Software","Web Attack","Medium",5.95,21.14,23.95,51.31,"No",42.4
166,"Phishing","Weak Password","Web Attack","High",8.83,33.15,40.99,89.83,"No",61.63
167,"DDoS","SQL Injection","Social Engineering","Medium",3.98,8.28,15.91,48.99,"Yes",38.84
168,"Malware","Outdated Software","Web Attack","High",7.91,34.05,43.33,90.4,"Yes",70.45
169,"Phishing","Missing Security Patch","Web Attack","Medium",5.23,21.99,24.46,54.8,"No",37.2
170,"Malware","Privilege Escalation","Web Attack","High",7.73,30.86,36.16,79.62,"No",54.51
171,"DDoS","Open Port","Network Attack","Critical",9.43,52.8,39.61,48.79,"Yes",94.79
172,"Malware","Weak Password","Social Engineering","Medium",6.12,19.12,38.54,40.76,"Yes",59.35
173,"Insider Threat","Insecure API","Network Attack","High",7.07,31.4,35.38,71.8,"Yes",66.28
174,"DDoS","Privilege Escalation","Web Attack","Low",3.32,7.45,9.81,79.55,"No",14.27
175,"DDoS","Privilege Escalation","Network Attack","High",7.85,19.03,36.97,74.68,"No",51.36
176,"DDoS","Outdated Software","Network Attack","High",6.94,12.94,21.23,93.54,"No",39.73
177,"Phishing","Missing Security Patch","Social Engineering","Low",3.72,6.84,13.06,59.75,"No",19.8
178,"Phishing","Weak Encryption","Web Attack","Critical",9.21,37.95,43.92,71.28,"Yes",83.98
179,"Insider Threat","Outdated Software","Network Attack","High",8.25,25.97,47.73,83.7,"Yes",70.58
180,"DDoS","System Misconfiguration","Social Engineering","Medium",4.24,7.84,14.26,41.53,"Yes",41.57
181,"Insider Threat","Outdated Software","Web Attack","High",8.2,25.74,22.53,76.97,"Yes",71.18
182,"Phishing","Insecure API","Social Engineering","Medium",6.69,15.19,28.45,88.37,"No",39.67
183,"DDoS","Missing Security Patch","Social Engineering","Medium",6.15,19.11,20.7,45.52,"No",43.85
184,"Malware","Missing Security Patch","Network Attack","Medium",4.46,7.83,10.66,76.79,"No",22.86
185,"DDoS","Open Port","Web Attack","Low",3.44,8.15,16.91,80.99,"Yes",30.18
186,"Phishing","Outdated Software","Social Engineering","Medium",5.2,27.84,21.13,55.71,"Yes",54.18
187,"Malware","Insecure API","Social Engineering","Medium",6.36,9.77,21.73,45.33,"No",41.61
188,"DDoS","Privilege Escalation","Network Attack","Medium",4.09,9.01,13.23,45.06,"Yes",40.44
189,"Insider Threat","Outdated Software","Network Attack","Medium",5.78,10.63,19.64,65.66,"No",34.86
190,"Insider Threat","System Misconfiguration","Social Engineering","Medium",5.99,20.49,29.19,61.2,"No",40.97
191,"Malware","Cross Site Scripting","Network Attack","High",8.49,33.94,43.7,61.57,"No",63.76
192,"Phishing","SQL Injection","Web Attack","Medium",6.25,24.15,21.37,78.05,"No",41.72
193,"Insider Threat","SQL Injection","Web Attack","High",8.56,35.55,34.29,51.67,"Yes",81.37
194,"DDoS","Insecure API","Network Attack","Low",2.76,8.4,13.28,44.41,"Yes",31.04
195,"Insider Threat","Missing Security Patch","Web Attack","High",7.23,16.14,32.27,87.85,"Yes",58.86
196,"Phishing","SQL Injection","Social Engineering","Low",2.81,4.81,6.16,62.57,"No",12.2
197,"Phishing","Weak Password","Network Attack","Critical",9.47,37.13,43.96,68.07,"No",70.95
198,"DDoS","Weak Password","Network Attack","Low",3.27,11.17,15.6,79.91,"Yes",30.34
199,"Malware","Weak Password","Social Engineering","Low",2.7,5.22,15.26,78.39,"Yes",24.21
200,"DDoS","Cross Site Scripting","Network Attack","Medium",3.95,6.98,13.19,50.12,"No",22.91
201,"Malware","SQL Injection","Web Attack","Low",1.88,6.67,13.31,66.51,"No",5.86
202,"Insider Threat","Missing Security Patch","Network Attack","Medium",6.13,12.87,30.08,82.76,"No",35.68
203,"DDoS","Outdated Software","Web Attack","Critical",9.51,28.42,43.52,50.35,"Yes",85.41
204,"Phishing","Missing Security Patch","Web Attack","Medium",6.86,21.45,22.36,73.01,"No",45.63
205,"Phishing","Missing Security Patch","Web Attack","Low",2.8,8.69,6.25,79.57,"Yes",26.12
206,"Insider Threat","Outdated Software","Social Engineering","Low",2.74,9.55,6.89,76.11,"No",11.58
207,"Phishing","Insecure API","Web Attack","Medium",5.12,17.04,23.49,51.7,"No",34.89
208,"Malware","Cross Site Scripting","Network Attack","High",7.47,38.57,36.83,70.71,"No",57.12
209,"Malware","Cross Site Scripting","Social Engineering","Medium",6.06,17.21,28.48,84.12,"No",36.67
210,"Malware","Weak Encryption","Web Attack","Medium",6.14,17.46,33.27,42.3,"No",43.62
211,"Phishing","Privilege Escalation","Web Attack","Critical",8.96,39.36,48.8,94.57,"Yes",79.28
212,"Malware","SQL Injection","Social Engineering","Medium",3.96,10.67,11.83,91.98,"Yes",33.17
213,"Malware","Privilege Escalation","Web Attack","Medium",6.42,25.88,22.35,74.88,"Yes",59.05
214,"DDoS","SQL Injection","Web Attack","High",7.36,15.57,33.55,66.27,"No",47.82
215,"Malware","System Misconfiguration","Social Engineering","High",8.23,29.3,53.29,81.25,"Yes",72.17
216,"DDoS","Open Port","Web Attack","High",7.07,20.21,26.37,93.97,"Yes",58.47
217,"Phishing","Missing Security Patch","Web Attack","Medium",6.42,26.22,17.84,76.8,"No",43.89
218,"Phishing","System Misconfiguration","Web Attack","Low",2.71,5.44,14.88,58.45,"No",12.39
219,"Insider Threat","Weak Password","Web Attack","Low",3.3,7.74,17.35,89.2,"Yes",27.84
220,"Insider Threat","Open Port","Network Attack","Medium",5.68,26.09,17.95,63.48,"No",40.67
221,"Malware","SQL Injection","Network Attack","High",7.39,19.29,23.06,45.82,"No",52.55
222,"Insider Threat","SQL Injection","Network Attack","High",8.58,44.37,58.63,88.42,"No",64.54
223,"DDoS","SQL Injection","Social Engineering","High",7.53,58.95,65.62,49.32,"No",68.86
224,"DDoS","System Misconfiguration","Network Attack","Medium",5.73,17.74,21.68,92.07,"No",33.38
225,"Malware","Privilege Escalation","Web Attack","Low",3.43,9.48,12.31,69.12,"Yes",32.4
226,"Phishing","SQL Injection","Network Attack","Medium",6.37,23.92,13.98,53.67,"No",46.13
227,"Phishing","Missing Security Patch","Social Engineering","Low",3.11,8.29,9.65,66.19,"No",15.13
228,"DDoS","Open Port","Web Attack","High",7.15,16.22,22.85,59.67,"Yes",62.62
229,"DDoS","Open Port","Web Attack","Critical",9.53,40.84,43.8,46.87,"Yes",91.03
230,"Insider Threat","Outdated Software","Social Engineering","Medium",5.91,12.21,21.51,58.7,"No",37.41
231,"DDoS","Missing Security Patch","Network Attack","High",8.54,17.85,29.57,42.19,"Yes",75.58
232,"Phishing","Weak Encryption","Web Attack","High",8.57,39.27,44.58,83.14,"No",63.23
233,"Phishing","Outdated Software","Social Engineering","High",7.43,15.99,16.45,57.52,"No",49.76
234,"Malware","Outdated Software","Network Attack","Medium",4.22,7.52,16.39,79.22,"No",20.66
235,"Malware","Weak Encryption","Network Attack","High",8.79,45.18,47.8,92.25,"No",65.74
236,"Phishing","Open Port","Network Attack","Low",3.22,9.45,10.62,56.6,"Yes",32.84
237,"Malware","Missing Security Patch","Web Attack","Critical",9.88,36.03,28.76,94.32,"No",69.42
238,"Insider Threat","SQL Injection","Social Engineering","Low",3.12,4.74,5.46,48.62,"Yes",31.46
239,"Malware","Privilege Escalation","Web Attack","Medium",6.25,20.59,21.19,83.9,"Yes",54.42
240,"Insider Threat","SQL Injection","Social Engineering","High",7.77,30.79,32.6,70.76,"Yes",71.09
241,"Phishing","SQL Injection","Network Attack","Medium",4.06,9.15,7.21,42.89,"No",25.66
242,"DDoS","Open Port","Network Attack","High",8.26,42.33,43.66,66.13,"Yes",79.85
243,"Malware","Outdated Software","Web Attack","Medium",6.21,19.67,28.13,82.53,"Yes",53.95
244,"DDoS","Weak Encryption","Network Attack","Critical",9.54,40.41,33.98,85.42,"Yes",85.16
245,"Phishing","Insecure API","Network Attack","Medium",5.87,19.21,24.45,56.2,"Yes",55.37
246,"DDoS","Cross Site Scripting","Network Attack","Medium",4.24,14.97,30.07,44.38,"No",29
247,"Phishing","SQL Injection","Web Attack","High",8.81,24.69,46.73,70.3,"No",61.01
248,"Insider Threat","Outdated Software","Social Engineering","Medium",6.06,20.69,35.53,78.62,"No",38.88
249,"Insider Threat","Weak Encryption","Network Attack","Medium",4.84,15.98,24.31,81.3,"Yes",43.05
250,"DDoS","Weak Password","Network Attack","Low",1.79,7.94,10.22,86.08,"Yes",17.8
251,"Malware","Outdated Software","Network Attack","High",8.21,6.33,32.44,92.33,"No",46.17
252,"Malware","Privilege Escalation","Social Engineering","Critical",9.41,40.15,46.17,76.9,"Yes",85.36
253,"DDoS","SQL Injection","Web Attack","High",8.2,42.74,37.91,70.44,"No",63.95
254,"Malware","Insecure API","Web Attack","Medium",6.83,19.61,30.38,49.04,"No",48.27
255,"Phishing","System Misconfiguration","Social Engineering","Medium",5.66,15.68,26.51,53.25,"Yes",52.92
256,"DDoS","Cross Site Scripting","Web Attack","Critical",8.91,44.62,48.88,45.51,"No",73.42
257,"Malware","Privilege Escalation","Network Attack","High",8.8,40.9,40.65,82.78,"No",65.55
258,"Phishing","Open Port","Social Engineering","High",7.18,13.91,26.69,86.7,"Yes",57.84
259,"Phishing","Privilege Escalation","Web Attack","Medium",4.66,18.99,17.16,83.66,"No",27.69
260,"Insider Threat","Privilege Escalation","Network Attack","Medium",5.99,10.97,21.8,93.88,"No",32.25
261,"Insider Threat","Open Port","Web Attack","Low",2.88,9.11,10.25,84.93,"Yes",26.06
262,"Insider Threat","System Misconfiguration","Social Engineering","Medium",5.51,22.89,33.35,46.3,"No",40.77
263,"DDoS","System Misconfiguration","Network Attack","Critical",9.47,24.56,55.21,88.05,"No",62.88
264,"Insider Threat","System Misconfiguration","Social Engineering","Medium",5.09,17.71,28.67,75.96,"No",31.35
265,"Phishing","Weak Encryption","Network Attack","Medium",6.01,17.4,25.63,73.75,"No",37.95
266,"DDoS","Cross Site Scripting","Network Attack","Medium",6.59,19.65,16.37,48.28,"No",46.71
267,"Phishing","Weak Encryption","Network Attack","Medium",6.04,19.15,27.95,49.5,"Yes",57.53
268,"Phishing","Outdated Software","Network Attack","Low",3.25,6.59,7.9,50.51,"Yes",32.78
269,"Malware","Outdated Software","Web Attack","Medium",5.54,17.51,21.82,70.41,"No",35.25
270,"Phishing","Open Port","Web Attack","Medium",6.74,19.47,16.96,82.97,"No",42.49
271,"Insider Threat","Weak Encryption","Web Attack","Critical",8.92,38.79,42.91,42.15,"No",71.65
272,"Malware","Weak Password","Network Attack","Medium",6.18,16.27,23.53,48.32,"No",42.49
273,"Malware","Outdated Software","Social Engineering","Low",2.69,8.85,8.33,88.13,"Yes",24.18
274,"Malware","Insecure API","Web Attack","Medium",5.67,14.35,20.65,48,"Yes",53.22
275,"DDoS","Outdated Software","Web Attack","Low",3.21,7.03,9.9,78.14,"No",13.53
276,"DDoS","Open Port","Network Attack","Low",3.3,4.83,12.33,86.16,"Yes",27.09
277,"Insider Threat","Weak Password","Social Engineering","Medium",6.77,12.87,17.93,81.74,"Yes",55.27
278,"Phishing","Outdated Software","Web Attack","High",8.21,18.96,25.27,57.37,"No",56.44
279,"Malware","Outdated Software","Social Engineering","Medium",6.02,19.97,25.19,71.02,"No",39.48
280,"DDoS","SQL Injection","Network Attack","High",8.32,31.97,42.24,62.13,"No",61.69
281,"DDoS","SQL Injection","Network Attack","High",8.48,29.74,53.59,40.46,"Yes",80.16
282,"Malware","Privilege Escalation","Web Attack","High",8.77,29.59,49.73,67.17,"No",63.12
283,"Phishing","Weak Password","Web Attack","Medium",6.52,17.45,27,54.91,"Yes",59.35
284,"Malware","Privilege Escalation","Web Attack","Low",2.77,7.6,9,54.41,"Yes",29.3
285,"Malware","Outdated Software","Social Engineering","Low",2.55,7.34,12.5,85.51,"No",7.98
286,"Phishing","System Misconfiguration","Network Attack","Medium",5.38,17.3,15.85,80.23,"No",32.53
287,"Malware","Weak Password","Social Engineering","Low",3.14,10.34,8.55,61.57,"No",16.9
288,"Malware","Weak Encryption","Web Attack","Low",2.55,7.56,13.6,66.48,"Yes",25.87
289,"Malware","Open Port","Social Engineering","High",7.31,28.61,29,83.93,"No",50.04
290,"DDoS","Insecure API","Web Attack","Medium",6.8,26.11,23.5,66.95,"Yes",63.03
291,"Malware","Privilege Escalation","Web Attack","High",8.55,36.77,33.64,49.58,"Yes",82.13
292,"Malware","Open Port","Web Attack","High",7.42,47.65,40.4,83.69,"Yes",73.41
293,"Malware","SQL Injection","Network Attack","Medium",5.79,14.03,25.72,73.1,"Yes",50.16
294,"Insider Threat","Weak Password","Web Attack","Medium",3.97,7.54,12.04,70.79,"No",20.21
295,"DDoS","System Misconfiguration","Social Engineering","Critical",9.37,34.92,40.51,56.05,"Yes",86.12
296,"Insider Threat","Cross Site Scripting","Network Attack","Medium",6.15,14.63,25.51,76.87,"Yes",52.34
297,"Insider Threat","Weak Encryption","Web Attack","Medium",5.39,23.58,12.57,54.2,"Yes",54.04
298,"Malware","Privilege Escalation","Network Attack","Low",3.82,7.02,17.96,44.36,"Yes",37.9
299,"Malware","Privilege Escalation","Web Attack","High",8.54,38.37,48.1,63.45,"No",65.58
300,"DDoS","Weak Encryption","Social Engineering","Low",3.7,9.04,17.99,65.96,"Yes",34.61
301,"DDoS","Outdated Software","Web Attack","High",7.03,18.79,33.95,92.62,"Yes",57.86
302,"Malware","Cross Site Scripting","Web Attack","Critical",9.11,39.55,54.96,60.56,"Yes",85.49
303,"DDoS","Weak Encryption","Web Attack","High",8.81,40.08,42.8,71.26,"No",67.03
304,"DDoS","Open Port","Network Attack","High",8.79,35.28,39.88,76.63,"No",64.13
305,"DDoS","Weak Password","Web Attack","Critical",10,31.09,42.15,72.34,"Yes",86.58
306,"Phishing","Weak Password","Network Attack","High",7.39,17.92,30.84,70.72,"No",48.3
307,"Malware","Open Port","Social Engineering","Medium",5.65,17.95,23.75,91.94,"Yes",47.96
308,"Malware","SQL Injection","Network Attack","High",8.02,32.88,39.76,69.45,"Yes",73.88
309,"Phishing","Cross Site Scripting","Web Attack","High",6.97,16.84,24.59,61.27,"Yes",61.35
310,"Phishing","SQL Injection","Network Attack","Medium",5.45,18.86,16.94,65.12,"No",35.96
311,"Phishing","Missing Security Patch","Network Attack","Low",1.14,11.76,14.27,78.37,"Yes",15.93
312,"Phishing","Insecure API","Web Attack","Critical",9.14,19.34,50.42,42.28,"Yes",80.41
313,"DDoS","SQL Injection","Network Attack","Critical",9.06,34.46,51.6,52.91,"No",69.29
314,"Malware","Insecure API","Social Engineering","High",7.21,17.51,34.73,82.85,"No",45.04
315,"Phishing","Open Port","Network Attack","High",7.09,22.9,23.42,84.1,"No",46.17
316,"Insider Threat","Weak Encryption","Network Attack","Medium",6.08,14.31,27.04,60.62,"Yes",54.2
317,"Insider Threat","Weak Password","Network Attack","Medium",6.44,18.37,21.6,44.89,"No",45.68
318,"Malware","Open Port","Social Engineering","Low",3.31,11.97,9.21,61.37,"No",18.78
319,"Phishing","SQL Injection","Web Attack","High",8.42,25.18,35.07,66.28,"No",59.04
320,"Insider Threat","System Misconfiguration","Web Attack","High",8.5,32.26,40.06,50.87,"No",64.77
321,"Insider Threat","Missing Security Patch","Network Attack","Medium",5.5,17.21,30.67,87.87,"No",32.23
322,"Malware","Weak Password","Web Attack","Medium",5.88,12.87,19.65,73.74,"Yes",50.23
323,"Malware","Outdated Software","Network Attack","High",7.3,23.03,39.02,90.03,"No",46.78
324,"DDoS","Weak Password","Web Attack","High",8.02,26.96,60.91,90.31,"No",53.35
325,"Malware","Weak Encryption","Social Engineering","Medium",4.9,13.13,14.33,65.61,"Yes",44.72
326,"Malware","SQL Injection","Network Attack","Medium",6.05,13.83,19.5,64.42,"Yes",53.25
327,"Insider Threat","Missing Security Patch","Network Attack","Medium",5.75,23.12,28.33,40.46,"No",43.45
328,"Malware","Insecure API","Social Engineering","High",7,17.25,17.23,75.24,"No",44.62
329,"Phishing","SQL Injection","Network Attack","Medium",6.49,17.14,23.48,92.25,"Yes",53.48
330,"Insider Threat","Open Port","Social Engineering","High",8.17,21.48,23.86,44.14,"Yes",74.13
331,"DDoS","Weak Encryption","Web Attack","High",7.37,32.99,52.92,54.67,"Yes",71.57
332,"Malware","Weak Password","Network Attack","Medium",6.54,19.09,30.23,49.73,"No",45.92
333,"DDoS","Missing Security Patch","Social Engineering","Low",3.36,7.31,11.24,82,"Yes",29.18
334,"Insider Threat","Cross Site Scripting","Network Attack","Medium",4.09,7.46,14.28,56.29,"No",23.15
335,"Phishing","Outdated Software","Web Attack","High",7.84,26.1,46.02,42.47,"Yes",73.95
336,"Phishing","Open Port","Web Attack","Medium",4.11,7.18,10.27,85.28,"Yes",33.84
337,"DDoS","Insecure API","Web Attack","Low",3.64,19.5,20.49,58.03,"No",24.61
338,"DDoS","Cross Site Scripting","Network Attack","Medium",6.56,23.71,22.52,70.45,"No",44.85
339,"DDoS","Weak Encryption","Social Engineering","Medium",6.83,17.39,26.84,92.17,"No",40.92
340,"Insider Threat","Weak Password","Network Attack","Medium",5.16,19.67,31.52,66.91,"No",33.95
341,"Phishing","Open Port","Network Attack","Critical",9.96,26.69,49.27,74.88,"No",69.15
342,"Malware","Outdated Software","Network Attack","Medium",5.74,20.09,24.11,57.72,"No",39.58
343,"Phishing","System Misconfiguration","Social Engineering","Medium",5.98,20.73,28.73,74.89,"Yes",53.9
344,"Malware","Insecure API","Network Attack","High",8.9,38.25,48.03,43.62,"Yes",86.02
345,"Phishing","Weak Password","Network Attack","Low",3.72,8.18,14.75,84.85,"No",16.6
346,"Phishing","Insecure API","Network Attack","Critical",9.2,40.56,53.86,76.33,"Yes",84.15
347,"Insider Threat","Outdated Software","Web Attack","Critical",9.08,33.93,36.28,44.74,"No",70.45
348,"Phishing","Missing Security Patch","Web Attack","Low",3.11,6.26,11.1,86.44,"No",11.31
349,"Malware","Insecure API","Social Engineering","Medium",5.73,17.21,19.88,68.2,"Yes",51.75
350,"DDoS","Open Port","Network Attack","High",8.26,37.49,46.71,61.5,"Yes",78.62
351,"Malware","SQL Injection","Social Engineering","High",8.42,42.09,31.87,77.54,"Yes",79.12
352,"Insider Threat","Missing Security Patch","Network Attack","Low",3.89,11.14,10.78,56.9,"Yes",38.12
353,"Phishing","System Misconfiguration","Social Engineering","Medium",6.55,15.77,24.89,87.92,"Yes",53.96
354,"Malware","Missing Security Patch","Network Attack","Medium",4.15,6.17,10.34,53.12,"Yes",38.57
355,"DDoS","SQL Injection","Network Attack","Critical",9.07,37.91,51.45,51.5,"Yes",85.95
356,"Insider Threat","SQL Injection","Network Attack","High",7.33,21.08,19.61,50.1,"No",52.21
357,"DDoS","Cross Site Scripting","Network Attack","Low",3.62,7.2,11.98,72.59,"Yes",32.35
358,"Phishing","Privilege Escalation","Social Engineering","Critical",9.34,36.93,46.24,81.71,"Yes",82.91
359,"Phishing","Open Port","Social Engineering","Medium",6.09,19.59,19.11,81.11,"No",38.31
360,"Insider Threat","Missing Security Patch","Network Attack","Medium",5.82,24.47,28.08,94.41,"No",36.37
361,"Malware","Privilege Escalation","Network Attack","Medium",5.33,13.09,20.2,94.99,"No",28.33
362,"Malware","Weak Password","Web Attack","Medium",6.72,19.73,22.16,42.58,"Yes",63.56
363,"Insider Threat","Outdated Software","Web Attack","Low",3.21,9.96,11.08,91.92,"No",12.63
364,"Phishing","Weak Password","Network Attack","Medium",6.15,19.41,24.09,87.72,"No",37.64
365,"Phishing","System Misconfiguration","Social Engineering","Low",2.91,7.17,8.76,40.49,"No",17.18
366,"DDoS","Weak Password","Network Attack","Critical",9.03,44.32,46.95,64.95,"Yes",86.19
367,"Malware","System Misconfiguration","Social Engineering","Medium",4.15,6.7,11.58,67.88,"Yes",36.55
368,"Malware","Weak Encryption","Network Attack","Medium",6.08,12.28,25.44,60.63,"Yes",53.36
369,"Phishing","Insecure API","Social Engineering","Low",3.88,9.37,15.95,71.67,"Yes",35.18
370,"Phishing","Missing Security Patch","Network Attack","Low",2.32,9.24,14.15,70.28,"No",9.41
371,"Phishing","Open Port","Web Attack","Medium",6.01,20.41,17.93,83.64,"Yes",52.69
372,"Phishing","Insecure API","Web Attack","Medium",6.39,5.48,26.56,65.1,"Yes",52.18
373,"Insider Threat","Missing Security Patch","Network Attack","High",7.64,24.17,11.7,53.32,"Yes",70.16
374,"Phishing","Open Port","Social Engineering","Critical",9.07,32.55,44.8,66.4,"Yes",81.58
375,"Phishing","SQL Injection","Network Attack","Low",1.73,8.77,10.42,86.23,"Yes",17.66
376,"Insider Threat","System Misconfiguration","Web Attack","Critical",8.96,33.66,36.8,94.56,"No",62.01
377,"DDoS","System Misconfiguration","Network Attack","Medium",6.5,20.38,25.27,53.43,"Yes",60.64
378,"Malware","Privilege Escalation","Web Attack","Medium",6.71,16.14,31.42,74.27,"Yes",57.29
379,"Phishing","System Misconfiguration","Web Attack","High",8.45,30.94,53.33,65.23,"No",61.74
380,"Insider Threat","Cross Site Scripting","Web Attack","High",7.2,20.72,26.1,86.66,"Yes",60.71
381,"DDoS","Missing Security Patch","Social Engineering","Medium",4.78,5.98,15.41,79.99,"Yes",38.82
382,"DDoS","Outdated Software","Social Engineering","Critical",9.9,35.38,49.69,50.52,"Yes",90.88
383,"Phishing","Privilege Escalation","Social Engineering","Medium",6.75,22.77,20.71,54.94,"No",48.11
384,"DDoS","Cross Site Scripting","Web Attack","Critical",9.33,23.04,61.62,49.48,"Yes",82.08
385,"Phishing","Weak Password","Web Attack","Medium",5.69,16.74,26.29,69.36,"No",36.09
386,"Insider Threat","Weak Encryption","Network Attack","Medium",5.07,16.95,25.31,58.36,"No",33.55
387,"Malware","SQL Injection","Network Attack","Medium",5.89,26.11,16.07,91.85,"Yes",52.92
388,"Malware","Privilege Escalation","Network Attack","High",8.63,43.25,38.31,93,"No",63.73
389,"Malware","System Misconfiguration","Social Engineering","High",8.6,48.6,30.06,57.68,"Yes",86.01
390,"Malware","SQL Injection","Web Attack","Low",2.86,5.6,13.89,77.18,"No",10.66
391,"Insider Threat","SQL Injection","Social Engineering","Medium",5.42,19.87,21.77,46.78,"No",38.87
392,"Malware","Cross Site Scripting","Network Attack","Medium",6.06,21.42,25.69,79.04,"Yes",54.15
393,"DDoS","System Misconfiguration","Web Attack","Medium",4.45,15.86,28.57,82.1,"Yes",40.2
394,"DDoS","Missing Security Patch","Web Attack","Critical",10,27.2,43.17,58.24,"No",72.14
395,"Malware","Outdated Software","Network Attack","Low",3.43,6.53,7.85,51.9,"Yes",33.87
396,"Malware","System Misconfiguration","Network Attack","Medium",4.97,10.96,7.78,64.71,"Yes",44.47
397,"Malware","Outdated Software","Social Engineering","Low",1.99,7.45,13.29,61.68,"Yes",22.68
398,"Malware","Cross Site Scripting","Social Engineering","High",8.61,42.9,43.03,71.62,"Yes",81.69
399,"Malware","Outdated Software","Social Engineering","High",7.88,45.64,43.13,78.18,"No",61.72
400,"Insider Threat","Insecure API","Social Engineering","Low",3.27,7.47,12.17,43.32,"No",19.4
401,"Insider Threat","Cross Site Scripting","Network Attack","Medium",4.11,20.73,28.61,77.27,"Yes",40.5
402,"Malware","Privilege Escalation","Social Engineering","Medium",4,7.18,12.3,85.01,"No",18.14
403,"Insider Threat","Open Port","Web Attack","High",7.7,37.52,38.46,88.45,"No",55.61
404,"DDoS","Privilege Escalation","Web Attack","High",7.39,14.3,14.7,44.78,"No",50.7
405,"Phishing","Privilege Escalation","Network Attack","Medium",6.36,11.48,20.36,53.66,"No",41.03
406,"Phishing","SQL Injection","Network Attack","Medium",4.14,11.74,11.21,86.03,"No",20.8
407,"DDoS","Weak Password","Social Engineering","Medium",4.28,5.25,17.19,60.63,"No",22.94
408,"Malware","Privilege Escalation","Web Attack","High",8.7,29.54,48.18,71.58,"Yes",76.95
409,"Phishing","Privilege Escalation","Web Attack","Medium",5.47,18.2,25.51,54.04,"No",37.48
410,"DDoS","SQL Injection","Network Attack","Critical",9.52,31.03,42,40.98,"No",72.9
411,"Phishing","Cross Site Scripting","Network Attack","High",8.79,41.28,60.16,63.95,"No",68.43
412,"Insider Threat","Outdated Software","Social Engineering","Medium",4.77,9.92,6.29,89.86,"No",23.85
413,"Malware","Privilege Escalation","Web Attack","Medium",4.26,9.51,9.91,93.72,"No",19.55
414,"Phishing","Insecure API","Network Attack","Low",3.05,5.26,11.96,64.97,"No",13.7
415,"Malware","Weak Encryption","Network Attack","High",8.76,22.73,32.35,66.16,"No",60.51
416,"Malware","SQL Injection","Network Attack","Low",3.64,5.95,11.1,81.64,"Yes",30.61
417,"Insider Threat","System Misconfiguration","Network Attack","Critical",9.41,32.02,46.02,66.89,"Yes",83.61
418,"Phishing","Weak Password","Web Attack","Medium",6.75,13.5,31.21,84.76,"Yes",54.97
419,"Phishing","Privilege Escalation","Network Attack","Medium",4.23,10.55,10.72,78.25,"Yes",37.12
420,"Malware","Privilege Escalation","Web Attack","Medium",4.88,20.04,28.09,91.48,"No",28.47
421,"Phishing","Outdated Software","Web Attack","High",8.49,24.88,22.68,46.15,"No",62.43
422,"DDoS","Weak Encryption","Social Engineering","High",8,39.35,60.95,82.66,"No",59.31
423,"DDoS","Weak Password","Web Attack","Medium",5.14,14.88,33.74,85.64,"Yes",44.05
424,"Phishing","Insecure API","Network Attack","Medium",4.97,8.39,7.14,70.5,"Yes",42.57
425,"Insider Threat","Weak Encryption","Social Engineering","Medium",5.71,22.67,35.77,66.22,"Yes",54.12
426,"DDoS","Missing Security Patch","Network Attack","Medium",6.19,15.47,26.53,46.69,"Yes",57.49
427,"Phishing","Weak Encryption","Network Attack","Low",3.62,6.18,13.78,53.22,"Yes",34.8
428,"Phishing","System Misconfiguration","Social Engineering","Medium",4.61,8.03,13.88,84.55,"No",22.81
429,"Malware","Privilege Escalation","Web Attack","High",8.88,38.23,43.29,75.53,"Yes",81.1
430,"Insider Threat","Missing Security Patch","Web Attack","High",7.28,18.93,22.49,72.28,"Yes",62.68
431,"Insider Threat","Outdated Software","Web Attack","Medium",6.77,21.83,24.63,63.5,"No",46.58
432,"DDoS","Outdated Software","Social Engineering","Low",1.36,11.27,9.75,87.34,"No",0.91
433,"Phishing","Privilege Escalation","Social Engineering","Medium",5.89,24.47,15.51,64.19,"No",41.36
434,"Insider Threat","SQL Injection","Network Attack","Medium",5.2,15,18.44,60.66,"Yes",48.33
435,"Malware","SQL Injection","Web Attack","High",7.19,23.06,27.5,64.98,"Yes",64.83
436,"DDoS","Open Port","Network Attack","Medium",5.8,16.31,22.16,64.24,"Yes",52.52
437,"Malware","Missing Security Patch","Web Attack","Low",3.08,8.97,14.73,91.65,"No",11.4
438,"Phishing","Cross Site Scripting","Social Engineering","Low",3.13,8.64,4.84,58.68,"Yes",31.6
439,"Malware","Insecure API","Network Attack","High",8.75,28.85,53.79,55.96,"Yes",79.42
440,"Malware","Weak Password","Social Engineering","High",7.27,9.21,29.61,59.91,"No",45.57
441,"Malware","Insecure API","Web Attack","Medium",5.69,17.34,29.49,85.65,"No",33.93
442,"DDoS","Open Port","Web Attack","Medium",4.05,6.36,12.96,47.77,"Yes",38.74
443,"DDoS","Insecure API","Social Engineering","Low",3.13,10.5,7.29,71.09,"Yes",30.42
444,"Malware","Weak Encryption","Social Engineering","Medium",4.16,10.78,4.17,62.69,"Yes",39
445,"Insider Threat","Open Port","Web Attack","Medium",4.02,7.27,12.33,61.48,"No",21.81
446,"DDoS","System Misconfiguration","Network Attack","Medium",5.96,20.77,29.64,56.76,"No",41.49
447,"DDoS","Privilege Escalation","Web Attack","Critical",9.12,34.26,41.61,54.28,"No",69.37
448,"Malware","SQL Injection","Social Engineering","High",8.6,33.41,46.64,91.81,"Yes",74.8
449,"Phishing","Weak Password","Web Attack","High",8.12,39.09,37.01,59.62,"No",63.55
450,"DDoS","Privilege Escalation","Web Attack","High",7.66,36.8,48.32,45.82,"No",61.48
451,"Phishing","Missing Security Patch","Social Engineering","High",7.12,20.9,26.1,61.52,"No",48.99
452,"Phishing","Weak Password","Web Attack","Medium",4.05,6.04,8.58,64.26,"Yes",36.15
453,"Malware","Weak Encryption","Social Engineering","Low",2.53,8.09,13.98,87.43,"Yes",22.81
454,"Malware","Privilege Escalation","Network Attack","High",7.02,23.93,26.65,67.54,"No",48.55
455,"Malware","Missing Security Patch","Web Attack","Low",3.4,6.68,12.76,51.95,"No",18.66
456,"Insider Threat","SQL Injection","Network Attack","High",8.65,32.72,39.58,60.94,"No",64.53
457,"Insider Threat","System Misconfiguration","Web Attack","Medium",5.29,14.07,32.34,92.24,"No",28.85
458,"DDoS","Weak Password","Network Attack","High",8.88,31.99,32.37,50.57,"Yes",82.34
459,"Malware","Outdated Software","Social Engineering","Medium",6.37,16.01,24.57,63.77,"Yes",56.45
460,"Malware","Missing Security Patch","Network Attack","Low",3.33,9.55,11.79,69.87,"No",16.68
461,"Insider Threat","Open Port","Web Attack","Low",3.36,12.75,15.26,54.12,"No",20.48
462,"Phishing","Insecure API","Network Attack","Low",3.6,6.54,15.54,65.49,"No",18.02
463,"Phishing","SQL Injection","Social Engineering","Medium",5.36,17.81,29.26,53.17,"No",36.67
464,"Malware","Outdated Software","Web Attack","Medium",5.83,16.53,27.2,70.28,"Yes",51.88
465,"DDoS","Missing Security Patch","Web Attack","Low",3.61,7.5,11.37,71.6,"No",17.54
466,"Malware","Weak Encryption","Network Attack","Medium",6.43,19.87,31.47,85.15,"No",40.15
467,"Malware","SQL Injection","Web Attack","Low",3.16,10.63,7.6,92.79,"Yes",27.49
468,"DDoS","Cross Site Scripting","Web Attack","Low",2.98,5.29,12.93,88.22,"No",9.77
469,"Malware","SQL Injection","Network Attack","Medium",6.58,12.54,25.24,62.62,"Yes",56.67
470,"Insider Threat","SQL Injection","Network Attack","High",8.06,38.46,32.56,80.54,"No",59.72
471,"Malware","Missing Security Patch","Web Attack","High",6.98,17.82,19.82,65.4,"No",46.17
472,"Insider Threat","Cross Site Scripting","Network Attack","Low",3.43,7.47,10.91,78.37,"Yes",30.27
473,"Phishing","Cross Site Scripting","Web Attack","Medium",4.85,15.66,24.13,71.97,"No",29.43
474,"DDoS","System Misconfiguration","Social Engineering","Medium",4.87,19.21,31.87,65.17,"Yes",46.96
475,"DDoS","System Misconfiguration","Network Attack","High",6.9,14.81,21.72,68.89,"No",43.92
476,"Phishing","SQL Injection","Web Attack","High",8.37,39.24,44.68,54.59,"Yes",81.13
477,"DDoS","Privilege Escalation","Network Attack","High",8.04,24.42,49.47,52.6,"Yes",73.15
478,"Malware","Open Port","Web Attack","Medium",5.26,19.99,25.37,74.48,"No",33.65
479,"Malware","Open Port","Social Engineering","Critical",9.21,42.66,33.61,86.12,"No",68.58
480,"DDoS","Weak Encryption","Network Attack","Medium",4.32,9.38,11.08,50.43,"Yes",41.41
481,"Malware","Open Port","Social Engineering","Low",3.48,8.98,13.98,46.01,"No",21.08
482,"Insider Threat","Open Port","Network Attack","High",7.5,45.21,33.74,61.21,"No",61.4
483,"Phishing","SQL Injection","Network Attack","Low",1.84,9.91,7.47,48.99,"No",9.46
484,"DDoS","Outdated Software","Network Attack","Medium",6,12.61,16.03,88.07,"No",33.82
485,"Insider Threat","Weak Password","Web Attack","Low",3.15,9.29,12.95,58.64,"Yes",31.95
486,"Malware","Missing Security Patch","Web Attack","Low",2.99,7.97,11.7,66.51,"Yes",29.11
487,"Malware","Weak Password","Network Attack","Low",3.48,7.11,13.08,61.47,"Yes",32.99
488,"DDoS","Weak Encryption","Social Engineering","Medium",5.23,19.51,23.3,55.8,"Yes",51.01
489,"Phishing","Weak Password","Network Attack","Low",3.23,9.41,10.72,86.97,"No",13.34
490,"Insider Threat","Missing Security Patch","Social Engineering","Low",2.71,5.59,14.01,55.04,"No",12.96
491,"Insider Threat","Insecure API","Web Attack","Low",1.63,7.17,12.54,54.66,"Yes",21.1
492,"Malware","Missing Security Patch","Web Attack","High",7.74,35.05,50.36,79.48,"Yes",71.26
493,"Phishing","System Misconfiguration","Network Attack","High",7.42,28.79,59.1,63.61,"No",53.93
494,"DDoS","SQL Injection","Network Attack","High",8.24,28.24,38.14,86.84,"No",55.96
495,"Malware","Weak Encryption","Social Engineering","Medium",5.81,18.74,21.48,60.34,"Yes",54.11
496,"Insider Threat","Weak Password","Social Engineering","Medium",6.38,20.81,26.68,77.61,"No",41.35
497,"Malware","System Misconfiguration","Web Attack","Critical",9.22,29.39,44.02,92.01,"No",62.53
498,"Malware","Weak Encryption","Social Engineering","Critical",9.17,35.38,46.7,86.3,"Yes",80.36
499,"DDoS","Weak Password","Web Attack","Low",3.54,8.37,11.93,90.95,"Yes",29.49
500,"DDoS","Cross Site Scripting","Web Attack","High",7.93,36.22,41.36,80.53,"Yes",72.92
501,"Phishing","Weak Encryption","Network Attack","Medium",4.65,6.94,12.46,47.97,"No",28.12
502,"Phishing","SQL Injection","Social Engineering","Medium",4.42,15.36,20.86,64.93,"Yes",42.37
503,"Malware","Weak Password","Network Attack","High",7.31,17.4,25.72,76.78,"No",46.6
504,"Malware","System Misconfiguration","Web Attack","Low",3.74,6.94,12.9,65.53,"No",19.13
505,"Phishing","SQL Injection","Social Engineering","High",7.56,20.47,28.57,45.35,"Yes",69.28
506,"Malware","Open Port","Network Attack","High",8.12,36.25,47.35,57.86,"Yes",77.63
507,"Phishing","Weak Password","Web Attack","Low",2.98,8.23,17.92,51.19,"No",16.45
508,"Phishing","System Misconfiguration","Network Attack","Medium",5.32,20.21,19.63,91.42,"Yes",46.63
509,"Insider Threat","Open Port","Web Attack","Medium",6.52,13.83,27.95,55.42,"Yes",57.84
510,"Phishing","Weak Password","Network Attack","Medium",5.06,18.08,31.71,47.52,"No",35.51
511,"Phishing","Weak Encryption","Web Attack","Medium",6,17.57,32.02,50.91,"Yes",56.39
512,"Malware","Privilege Escalation","Web Attack","Critical",10,52.38,41.85,79.29,"No",79.06
513,"Insider Threat","Open Port","Social Engineering","Low",2.66,9.3,13.31,72.47,"Yes",26.44
514,"Phishing","Open Port","Network Attack","Medium",4.53,8.3,12.48,75.37,"Yes",38.71
515,"DDoS","Weak Encryption","Network Attack","High",7.56,18.65,28.41,60.74,"Yes",66.28
516,"Malware","Cross Site Scripting","Network Attack","Medium",6.64,17.82,22.33,59.91,"Yes",59.59
517,"Phishing","Cross Site Scripting","Network Attack","Medium",5.9,10.21,31.39,74.12,"No",34.24
518,"DDoS","Cross Site Scripting","Network Attack","Low",2.22,6.82,10.89,81.67,"No",6.04
519,"Malware","Open Port","Network Attack","High",7.28,18.23,29.72,88.98,"No",44.94
520,"Insider Threat","Cross Site Scripting","Social Engineering","Medium",5.94,24.69,27.43,62.12,"Yes",57.1
521,"Phishing","System Misconfiguration","Network Attack","Medium",3.94,9.76,7.55,88.36,"Yes",33.21
522,"Phishing","Insecure API","Web Attack","Medium",6.19,18.86,21.17,80.21,"No",38.85
523,"Phishing","Cross Site Scripting","Social Engineering","Medium",6.21,15.11,26.1,41.05,"Yes",58.37
524,"Malware","Weak Password","Social Engineering","Medium",4.59,19.14,21.82,70.33,"No",29.26
525,"Phishing","Weak Encryption","Web Attack","Critical",9.36,21.19,45.34,61.98,"No",64.68
526,"DDoS","Open Port","Network Attack","High",8.55,41.58,32.36,67.3,"No",66.36
527,"Insider Threat","Open Port","Web Attack","Medium",5.71,20.85,28.06,77.57,"Yes",51.65
528,"Malware","Insecure API","Network Attack","Low",3.79,8.58,6.99,75.05,"No",18.67
529,"Insider Threat","SQL Injection","Web Attack","High",6.97,18.86,15.93,88.29,"No",43.06
530,"Phishing","Weak Password","Network Attack","Low",3.36,9.91,14.11,84.34,"No",14.84
531,"Insider Threat","Missing Security Patch","Network Attack","Medium",5.63,21.63,23.02,55.63,"Yes",54.73
532,"DDoS","SQL Injection","Web Attack","Critical",8.97,41.5,48.12,69.47,"No",68.95
533,"Phishing","Cross Site Scripting","Network Attack","Medium",5.61,21.28,32.39,70.3,"No",37.25
534,"Insider Threat","Insecure API","Network Attack","Medium",5.36,17.27,30.02,51.13,"No",36.79
535,"Malware","Cross Site Scripting","Social Engineering","Medium",5.43,11.12,22.53,92.18,"No",28.65
536,"DDoS","Cross Site Scripting","Network Attack","High",7.16,12.55,23.76,48.31,"No",47.89
537,"Phishing","Insecure API","Network Attack","Medium",4.27,8.09,13.7,71.84,"Yes",37.35
538,"Insider Threat","Weak Password","Social Engineering","High",7.66,21.6,27.96,51.4,"No",54.56
539,"Phishing","Privilege Escalation","Web Attack","Low",3.89,5.68,14.52,93.33,"No",15.52
540,"Malware","Weak Password","Web Attack","Medium",3.93,8.81,12.17,81.55,"Yes",33.83
541,"Insider Threat","Open Port","Network Attack","Medium",5.06,18.61,31.27,40.73,"Yes",51.73
542,"Malware","Cross Site Scripting","Network Attack","High",8.27,22.39,59.7,75.94,"Yes",70.47
543,"Insider Threat","Weak Password","Web Attack","Medium",5.69,22.56,28.12,93.85,"No",34.79
544,"Malware","Outdated Software","Network Attack","Critical",9.86,34.71,42.6,48.9,"No",75.57
545,"DDoS","Privilege Escalation","Network Attack","High",7.76,26.63,26.59,40.48,"No",58.89
546,"Insider Threat","Open Port","Social Engineering","Medium",6.35,20.97,21.64,58.11,"No",44.14
547,"Malware","Privilege Escalation","Network Attack","Medium",6.65,14.04,23.51,87.93,"No",38.96
548,"Insider Threat","System Misconfiguration","Network Attack","Medium",4.14,6.47,14.55,65.36,"Yes",36.74
549,"Insider Threat","Privilege Escalation","Social Engineering","Medium",6.65,23.73,35.83,87.09,"No",42.99
550,"Phishing","SQL Injection","Network Attack","Medium",5.68,19.56,32.79,89.61,"Yes",49.16
551,"Phishing","Privilege Escalation","Web Attack","Medium",6.38,15.38,20.01,59.36,"Yes",56.9
552,"Malware","Weak Password","Social Engineering","High",7.46,28.4,19.76,93.33,"Yes",64.58
553,"DDoS","SQL Injection","Network Attack","High",8.78,24.02,45.56,60.37,"No",62
554,"Insider Threat","System Misconfiguration","Social Engineering","Low",3.25,7.98,20.68,91.65,"Yes",27.22
555,"Phishing","Missing Security Patch","Web Attack","Low",2.38,8.86,17.5,75.14,"Yes",23.94
556,"DDoS","Weak Password","Network Attack","High",8.27,29.26,45.39,75.78,"Yes",73.24
557,"DDoS","Insecure API","Network Attack","High",7.37,16.63,19.87,71.21,"Yes",62.56
558,"Phishing","Open Port","Web Attack","Medium",6.26,9.93,17.62,90.64,"Yes",49.22
559,"Phishing","Weak Password","Network Attack","High",7.18,19.84,14.13,72.7,"No",47.27
560,"Malware","System Misconfiguration","Network Attack","Medium",6.76,8.78,22.77,52.44,"No",42.94
561,"Malware","System Misconfiguration","Web Attack","Medium",6.47,12.29,31.34,89.81,"No",36.73
562,"Insider Threat","Weak Encryption","Social Engineering","Medium",4.47,6.65,15.36,92.1,"Yes",35.15
563,"DDoS","Weak Password","Web Attack","Medium",6.38,20.6,28.36,72.49,"No",42
564,"Malware","System Misconfiguration","Web Attack","Low",2.47,3.95,18.62,64.46,"No",9.22
565,"DDoS","Weak Password","Network Attack","Medium",6.41,19.5,19.04,41.07,"No",46.5
566,"DDoS","System Misconfiguration","Social Engineering","Critical",9.49,47.88,57.22,48.95,"No",78.26
567,"Phishing","System Misconfiguration","Social Engineering","Low",1.88,5.92,12.29,76.38,"Yes",19.08
568,"Insider Threat","Open Port","Social Engineering","Medium",6.83,15.82,20.71,40.77,"No",48
569,"Phishing","Insecure API","Network Attack","High",8.86,28.4,61.35,60.54,"No",64.31
570,"Insider Threat","Privilege Escalation","Web Attack","High",7.42,38.56,29.03,82.6,"No",54.99
571,"DDoS","Insecure API","Social Engineering","Low",3.1,10.97,15.37,84.02,"No",13.52
572,"Insider Threat","SQL Injection","Network Attack","Low",2.38,5.05,12.17,45.63,"No",11.84
573,"DDoS","Privilege Escalation","Network Attack","Medium",5.34,19.62,20.08,50.49,"Yes",52.67
574,"Phishing","Open Port","Web Attack","Medium",4.75,16.28,18.88,55.45,"No",31.45
575,"Insider Threat","Outdated Software","Web Attack","Medium",4.37,7.33,11.89,62.06,"Yes",39.21
576,"DDoS","Missing Security Patch","Network Attack","Medium",4.6,11.72,11.84,69.98,"No",26.42
577,"Phishing","System Misconfiguration","Network Attack","Critical",8.93,44.16,43.6,43.41,"Yes",88.69
578,"Malware","Insecure API","Web Attack","Low",2.67,9.99,7.43,81.11,"Yes",25.48
579,"DDoS","Outdated Software","Network Attack","Medium",5.98,16.39,22.39,43.79,"No",41.84
580,"Phishing","Privilege Escalation","Web Attack","Medium",6.77,30.89,55.13,82.33,"No",47.41
581,"Insider Threat","SQL Injection","Network Attack","Low",3.12,6.76,10,42.23,"Yes",33.24
582,"Insider Threat","Privilege Escalation","Web Attack","Medium",5.41,18.58,27.96,58.91,"No",36.49
583,"Insider Threat","System Misconfiguration","Web Attack","High",7.5,11.74,26.98,68.03,"Yes",62.02
584,"Phishing","System Misconfiguration","Network Attack","High",8.59,37,36.75,64.02,"Yes",80.34
585,"Insider Threat","Weak Encryption","Social Engineering","Medium",6.24,13.39,28.3,40.17,"Yes",58.02
586,"Malware","Cross Site Scripting","Web Attack","Low",2.74,8.13,5.62,54.84,"No",14.23
587,"Malware","System Misconfiguration","Social Engineering","Medium",6.49,22.43,28.83,89.23,"Yes",56.05
588,"DDoS","Weak Password","Network Attack","Medium",4.34,5.29,11.49,73.85,"No",21.44
589,"Insider Threat","Cross Site Scripting","Social Engineering","Low",3.44,9.44,11.5,54.17,"Yes",34.76
590,"DDoS","System Misconfiguration","Network Attack","Medium",6.02,24.71,30.45,70.2,"Yes",56.47
591,"Phishing","Insecure API","Social Engineering","Low",2.09,7.23,9.02,67.82,"No",7.38
592,"Malware","Outdated Software","Network Attack","High",8.87,16.02,30.74,82.87,"Yes",71.1
593,"Insider Threat","Outdated Software","Social Engineering","Low",3.58,8.22,13.49,88.65,"Yes",30.03
594,"Malware","Open Port","Network Attack","Medium",6.07,21.33,27.8,51.06,"Yes",58.38
595,"Malware","Weak Password","Social Engineering","Medium",4.68,15.78,22.38,74.01,"Yes",42.99
596,"Insider Threat","SQL Injection","Web Attack","Medium",5.74,22.26,32.44,43.66,"No",42.57
597,"Phishing","Weak Encryption","Web Attack","Medium",5.37,20.17,19.15,76.49,"No",34.19
598,"Phishing","Weak Password","Web Attack","Medium",5.7,19.19,24.06,92.66,"Yes",48.67
599,"Insider Threat","Weak Encryption","Network Attack","Low",2.96,5.49,11.06,54.42,"Yes",29.72
600,"Malware","Outdated Software","Web Attack","Medium",6.25,20.25,20.62,44.24,"Yes",60.19
601,"Malware","SQL Injection","Network Attack","Critical",9.11,26.85,40.63,45.38,"Yes",82.71
602,"DDoS","Weak Password","Web Attack","Medium",6.61,15.23,21.1,65.92,"No",42.44
603,"Malware","Weak Encryption","Network Attack","Medium",6.16,18.14,29.67,80.67,"Yes",53.26
604,"Phishing","Weak Encryption","Network Attack","Low",3.31,4.6,10.03,43.73,"Yes",33.47
605,"Malware","Outdated Software","Web Attack","Medium",5.63,14.27,26.61,63.08,"Yes",50.67
606,"Insider Threat","Privilege Escalation","Web Attack","Critical",10,40.56,43.76,72.64,"Yes",90.33
607,"Malware","Weak Password","Social Engineering","Medium",3.9,10.89,11.07,67.5,"No",21.55
608,"Insider Threat","Weak Encryption","Web Attack","Medium",6.8,20.25,24.39,60.23,"Yes",61.65
609,"Phishing","Weak Password","Social Engineering","Medium",6.25,20.61,24.87,51.26,"Yes",59.31
610,"Phishing","System Misconfiguration","Web Attack","Medium",5.89,15.62,26.45,45.74,"Yes",55.65
611,"DDoS","Missing Security Patch","Web Attack","Low",3.46,7.26,12.53,55.89,"Yes",33.71
612,"Malware","Open Port","Web Attack","Medium",5.5,14.79,31.87,45.74,"Yes",52.58
613,"Malware","Insecure API","Network Attack","Low",2.79,8.63,9.09,40.6,"Yes",31.93
614,"Insider Threat","SQL Injection","Web Attack","High",8.54,37.73,36.92,54.45,"Yes",81.7
615,"DDoS","Insecure API","Social Engineering","Medium",6.74,18.88,23.42,42.71,"No",48.29
616,"DDoS","Cross Site Scripting","Social Engineering","Medium",6.42,18.3,20.8,71.83,"No",41.49
617,"Insider Threat","Weak Encryption","Social Engineering","High",7.72,35.74,36.96,43.19,"Yes",76.87
618,"DDoS","System Misconfiguration","Social Engineering","Medium",6.17,11.41,20.35,61.88,"Yes",53.46
619,"Insider Threat","Privilege Escalation","Social Engineering","High",8.89,42.32,46.35,63.57,"No",69.62
620,"Malware","Open Port","Web Attack","Medium",5.31,16.34,30.47,49.62,"No",36.23
621,"Insider Threat","Weak Password","Network Attack","Critical",9.06,40.51,52.97,47.87,"No",72.46
622,"Insider Threat","Weak Password","Web Attack","Critical",8.96,42.77,37.21,64.72,"No",70.15
623,"DDoS","Missing Security Patch","Web Attack","Critical",8.91,32.62,46.61,75.83,"No",64.04
624,"Phishing","Insecure API","Network Attack","High",7.39,20.02,21.85,49.26,"Yes",67.37
625,"Malware","Privilege Escalation","Web Attack","Medium",5.88,14.19,24.55,68.27,"Yes",51.63
626,"Phishing","Weak Password","Web Attack","High",8.35,40.54,41.06,52.82,"Yes",81.75
627,"Malware","Missing Security Patch","Social Engineering","Medium",6.84,20.88,22.82,57,"No",47.68
628,"Insider Threat","Privilege Escalation","Network Attack","Critical",9.7,35.19,39.78,43.18,"No",75.49
629,"Phishing","Weak Password","Network Attack","Low",3.56,6.02,13.95,42.98,"Yes",35.88
630,"Phishing","Missing Security Patch","Social Engineering","Low",2.78,10.59,5.78,57.36,"Yes",30.12
631,"DDoS","Cross Site Scripting","Social Engineering","Low",2.61,7.32,9.9,53.81,"Yes",28.13
632,"Insider Threat","Weak Encryption","Web Attack","High",7.41,17.76,26.77,47.57,"No",51.85
633,"Phishing","Weak Encryption","Network Attack","Medium",6.84,18.61,29.81,84.77,"Yes",57.59
634,"DDoS","Open Port","Network Attack","Medium",6.6,20.79,17.57,79.08,"No",42.63
635,"Malware","Privilege Escalation","Network Attack","Medium",5.19,9.09,23.73,77.58,"No",28.3
636,"Malware","Insecure API","Web Attack","Medium",4.65,6.04,12.95,94.12,"Yes",35.82
637,"Insider Threat","Weak Password","Network Attack","Medium",6.6,18.95,23.58,60.77,"Yes",59.64
638,"DDoS","Cross Site Scripting","Social Engineering","High",8.27,30.54,45.14,84.87,"Yes",72.36
639,"Insider Threat","Outdated Software","Social Engineering","Critical",9.61,29.45,44.02,40.68,"No",72.94
640,"Phishing","System Misconfiguration","Network Attack","Low",3.58,9.58,11.31,58.32,"Yes",35.14
641,"DDoS","Missing Security Patch","Web Attack","Medium",6.77,12.01,28.59,57.24,"Yes",58.64
642,"DDoS","Outdated Software","Network Attack","High",8.77,27.33,26.36,82.65,"Yes",74.91
643,"Insider Threat","SQL Injection","Network Attack","Medium",5.87,20.68,26.6,40.09,"Yes",58.36
644,"Phishing","Missing Security Patch","Network Attack","High",8.45,35.35,46.25,82.52,"Yes",75.88
645,"Malware","Weak Password","Social Engineering","Low",2.9,8.11,12.34,92.91,"No",9.59
646,"DDoS","System Misconfiguration","Network Attack","Low",2.92,8.4,12.93,86.19,"Yes",25.88
647,"DDoS","System Misconfiguration","Social Engineering","Medium",6.67,20.84,27.05,68.24,"No",44.82
648,"Malware","Cross Site Scripting","Social Engineering","Medium",6.47,17.62,27.24,91.46,"No",38.63
649,"Phishing","Open Port","Network Attack","Low",2.48,9.31,10.4,89.3,"No",7.72
650,"DDoS","Open Port","Network Attack","High",8.3,15.61,10.56,58.31,"No",55.63
651,"DDoS","Insecure API","Web Attack","High",7.43,15.61,27.96,63.7,"No",48.73
652,"Insider Threat","Weak Encryption","Web Attack","Medium",6.4,22.39,20.48,80.05,"Yes",56.77
653,"Phishing","System Misconfiguration","Network Attack","High",7.87,42.45,37.33,93.96,"No",57.96
654,"DDoS","Insecure API","Network Attack","Low",2.27,9.56,11.8,69.66,"Yes",24.28
655,"DDoS","Outdated Software","Network Attack","High",8.25,19.37,23.23,50.14,"No",57.98
656,"Insider Threat","SQL Injection","Web Attack","Low",3,11.37,8.36,44.3,"No",18.89
657,"Insider Threat","Weak Password","Social Engineering","Medium",6.76,20.25,22.14,83.94,"No",42.79
658,"Malware","Missing Security Patch","Web Attack","Medium",4.73,6.5,11.94,62.44,"Yes",41.34
659,"Phishing","Insecure API","Social Engineering","Medium",6.55,27.29,28.08,67.26,"No",46.67
660,"Phishing","Open Port","Network Attack","Medium",4.89,6.54,6.76,69.55,"No",26.38
661,"Insider Threat","Open Port","Social Engineering","Medium",4.21,4.74,7.97,82.15,"Yes",34.06
662,"Insider Threat","Outdated Software","Network Attack","Medium",3.99,7.89,14.54,50.97,"Yes",38.43
663,"Malware","Weak Password","Network Attack","High",7.49,21.65,26.91,45.09,"No",54.33
664,"DDoS","Weak Password","Network Attack","Medium",6.7,18.58,33.54,85.2,"No",41.53
665,"Malware","Insecure API","Network Attack","Medium",6.25,21.23,20.3,94.31,"No",38.07
666,"Malware","Missing Security Patch","Network Attack","Medium",6.24,10.01,25.69,86.21,"No",34.72
667,"Insider Threat","Missing Security Patch","Network Attack","Low",2.31,7.73,11.28,74.04,"No",8.15
668,"Malware","Open Port","Network Attack","High",7.07,15.43,21.68,91.88,"Yes",56.91
669,"DDoS","Weak Password","Social Engineering","Medium",4.42,20.48,30.44,57.03,"No",30.61
670,"Malware","SQL Injection","Network Attack","Low",3.32,10.96,10.77,94.03,"No",13.51
671,"Malware","Insecure API","Network Attack","Low",2.7,8.46,14.06,46.48,"Yes",30.3
672,"Phishing","Privilege Escalation","Social Engineering","Low",2.31,4.73,12.14,62.39,"Yes",23.67
673,"Malware","SQL Injection","Network Attack","Low",3.88,3.31,6.88,43.5,"Yes",36.99
674,"Malware","Missing Security Patch","Network Attack","Critical",8.92,41.22,41.95,67.38,"No",68.79
675,"Phishing","Weak Password","Web Attack","Critical",9.54,30.7,43.67,41.91,"No",72.78
676,"DDoS","Privilege Escalation","Web Attack","Critical",9.64,34.43,45.21,80.88,"No",69.15
677,"Insider Threat","SQL Injection","Social Engineering","Low",2.78,8.13,10.07,42.36,"Yes",31.36
678,"Malware","Missing Security Patch","Web Attack","Low",2.06,6.06,11.28,52.8,"No",8.93
679,"Phishing","Privilege Escalation","Web Attack","High",8.81,42.48,45.31,68.37,"No",68.44
680,"Phishing","Insecure API","Web Attack","Medium",6.09,22.42,37.08,92.56,"No",37.68
681,"DDoS","Insecure API","Network Attack","Low",3.43,10.36,13.46,87.79,"Yes",30
682,"DDoS","System Misconfiguration","Web Attack","Medium",6.13,10.32,20.16,64.95,"Yes",52.3
683,"Insider Threat","System Misconfiguration","Network Attack","Low",3.05,5.78,8.52,75.11,"Yes",27.43
684,"Insider Threat","Weak Encryption","Social Engineering","High",8.41,41.66,37.64,69.05,"No",65.18
685,"Insider Threat","Cross Site Scripting","Network Attack","Medium",6.31,17.19,28.97,41.47,"No",44.8
686,"DDoS","Missing Security Patch","Social Engineering","Medium",6.23,17.33,22.08,52.87,"No",42.64
687,"Phishing","Weak Password","Web Attack","High",7,22.56,25.1,69.38,"Yes",62.63
688,"Malware","Missing Security Patch","Network Attack","Critical",10,34.98,68.39,90.54,"Yes",85.41
689,"Phishing","Outdated Software","Social Engineering","Medium",6.08,11.72,17.88,91.33,"No",33.54
690,"Malware","Outdated Software","Network Attack","Low",2.8,10.96,17.11,60.58,"No",14.92
691,"Malware","Cross Site Scripting","Network Attack","Critical",8.98,37.16,40.7,86.47,"Yes",79.74
692,"DDoS","Open Port","Web Attack","Medium",5.59,15.13,20.65,70.07,"Yes",49.68
693,"Phishing","Insecure API","Social Engineering","Medium",5.71,15.51,27.64,93.21,"No",32.22
694,"Malware","Weak Password","Web Attack","Medium",6.89,24.41,12.76,76.46,"Yes",61.55
695,"Malware","Insecure API","Web Attack","Low",3.9,7.36,11.2,76.44,"Yes",33.75
696,"DDoS","Privilege Escalation","Network Attack","Low",2.19,7.93,9.67,92.26,"Yes",19.64
697,"Malware","Outdated Software","Web Attack","Medium",6.52,13.55,42.23,40.03,"No",45.06
698,"Malware","Open Port","Web Attack","Medium",5.5,16.87,18.86,89.78,"Yes",46.75
699,"Phishing","Outdated Software","Network Attack","Medium",5.91,26.54,23.07,80.68,"No",39.86
700,"Phishing","Open Port","Social Engineering","Medium",3.99,6.12,16.62,84.91,"Yes",32.63
701,"Insider Threat","Missing Security Patch","Network Attack","Low",3.87,6.57,12.69,72.14,"No",18.93
702,"Malware","Weak Encryption","Web Attack","Medium",5.85,20.03,20.95,59.54,"Yes",55.05
703,"Malware","Outdated Software","Network Attack","Medium",6.62,24.33,31.31,42.36,"Yes",64.7
704,"Insider Threat","Insecure API","Network Attack","Critical",8.91,37.34,48.37,73.14,"Yes",81.36
705,"Phishing","Weak Encryption","Social Engineering","Medium",4.22,8.77,13.82,64.62,"No",23.35
706,"DDoS","Privilege Escalation","Web Attack","Medium",4.01,8.46,14.16,90.4,"Yes",32.89
707,"Phishing","SQL Injection","Social Engineering","Medium",6.25,22.05,22.86,53.8,"No",44.51
708,"Phishing","System Misconfiguration","Network Attack","Medium",6.37,18.13,19.63,72.57,"No",40.99
709,"Malware","Outdated Software","Web Attack","Medium",4.46,5.68,15.92,58.08,"Yes",39.77
710,"Phishing","SQL Injection","Web Attack","Medium",5.24,14.07,29.3,57.57,"Yes",48.66
711,"DDoS","Weak Encryption","Social Engineering","Low",3.43,4.31,16.51,77.47,"No",14.15
712,"Phishing","Weak Password","Web Attack","Medium",3.96,15.23,17.4,92,"Yes",35.01
713,"DDoS","Privilege Escalation","Network Attack","Low",3.05,8.18,11,55.23,"No",16.31
714,"DDoS","System Misconfiguration","Social Engineering","High",8.29,33.85,47.15,82.82,"Yes",74.18
715,"Phishing","Privilege Escalation","Social Engineering","Medium",5.43,9.7,20.37,54.15,"Yes",48.77
716,"Phishing","SQL Injection","Web Attack","Medium",4.49,20.54,34.35,86.41,"No",26.66
717,"Malware","SQL Injection","Web Attack","Medium",5.17,14.46,20.62,43.99,"No",35.37
718,"Malware","System Misconfiguration","Social Engineering","Medium",4.13,8.06,13.47,79.23,"No",20.26
719,"Insider Threat","Privilege Escalation","Network Attack","Medium",6.89,18.99,27.24,71.26,"No",45.17
720,"Malware","Privilege Escalation","Social Engineering","Low",2.57,7.88,10.15,47.53,"No",14.01
721,"Phishing","SQL Injection","Social Engineering","Medium",5.03,13.32,29.69,79,"Yes",43.66
722,"DDoS","Open Port","Web Attack","Medium",5.03,16.38,29.91,63.33,"Yes",47.26
723,"DDoS","Outdated Software","Social Engineering","Medium",6.5,20.61,26.66,79.39,"No",41.81
724,"Insider Threat","Missing Security Patch","Network Attack","Medium",6.07,9.2,21.96,65.09,"No",36.38
725,"DDoS","System Misconfiguration","Social Engineering","Medium",4.96,16.49,35.27,88.55,"No",28.03
726,"DDoS","Weak Encryption","Web Attack","High",8.8,29.97,52.11,93.5,"Yes",74.54
727,"Insider Threat","Open Port","Network Attack","Low",3.89,7.84,11.32,40.5,"Yes",39.31
728,"DDoS","SQL Injection","Web Attack","Medium",6.07,17.71,28.1,61.5,"No",40.34
729,"DDoS","Insecure API","Network Attack","High",8.79,30.61,51.67,68.23,"Yes",78.53
730,"Malware","Open Port","Web Attack","Medium",5.57,23.24,20.1,54.1,"No",40.18
731,"Phishing","Cross Site Scripting","Social Engineering","Medium",4.1,10.52,15.67,45.01,"Yes",41.14
732,"Insider Threat","Cross Site Scripting","Web Attack","High",8.62,39.85,27.9,44.65,"No",69.59
733,"DDoS","Outdated Software","Web Attack","Critical",9.01,34.23,49.8,80.08,"No",64.76
734,"Insider Threat","Weak Password","Web Attack","Medium",6.3,23.18,24.15,52.53,"No",45.48
735,"Malware","Missing Security Patch","Social Engineering","Medium",6.86,17.58,28.28,69.25,"No",44.67
736,"Phishing","Open Port","Social Engineering","Low",2.51,9.21,10.83,68.31,"Yes",26.04
737,"Insider Threat","SQL Injection","Network Attack","Medium",6.56,14.5,27.71,47.84,"No",44.51
738,"Insider Threat","Outdated Software","Web Attack","Critical",10,45.78,52.84,56.25,"Yes",94.88
739,"Phishing","Weak Encryption","Social Engineering","High",8.27,37.27,43.73,59.41,"No",63.86
740,"Malware","Open Port","Web Attack","Low",1.91,7.52,11.05,91.66,"No",2.64
741,"Insider Threat","Outdated Software","Network Attack","Low",3.43,6.94,13.96,90.58,"No",13.19
742,"Malware","SQL Injection","Web Attack","Critical",10,43.09,50.28,56.52,"Yes",93.76
743,"Malware","System Misconfiguration","Web Attack","Medium",6.25,18.3,30.79,56.18,"Yes",57.64
744,"DDoS","Weak Encryption","Web Attack","High",7.35,15.63,29.75,53.38,"No",49.72
745,"Phishing","Insecure API","Network Attack","Medium",5.14,13.23,32.98,42.32,"Yes",49.89
746,"Phishing","System Misconfiguration","Social Engineering","High",8.73,35.24,52.83,48.51,"Yes",82.9
747,"DDoS","Insecure API","Network Attack","High",8.56,29.07,46.11,87.41,"Yes",73.45
748,"Malware","Weak Encryption","Social Engineering","High",7.5,31.69,43.75,84.57,"Yes",67.52
749,"DDoS","Insecure API","Network Attack","Medium",4.9,18.74,21.34,88.34,"Yes",43.56
750,"Insider Threat","System Misconfiguration","Social Engineering","High",7.2,16.88,19.54,85.64,"No",44.32
751,"Malware","SQL Injection","Web Attack","Low",3.69,7.89,12.12,54.95,"Yes",35.75
752,"Malware","Outdated Software","Web Attack","Low",3.67,7.21,11.02,44.53,"No",21.91
753,"Malware","Weak Password","Social Engineering","Medium",4.02,11.25,6.22,92.3,"Yes",33.79
754,"Malware","System Misconfiguration","Network Attack","Medium",6.08,21.92,19.1,45.55,"No",44.48
755,"DDoS","Open Port","Network Attack","High",7.25,16.48,28.54,63.87,"No",47.76
756,"Phishing","Missing Security Patch","Network Attack","High",7.53,21.59,31.07,85.13,"No",48.55
757,"Phishing","Outdated Software","Network Attack","Medium",4.21,12.91,27.91,45.57,"No",27.82
758,"Insider Threat","SQL Injection","Network Attack","Low",2.77,6.9,16.15,92.78,"Yes",23.24
759,"Malware","SQL Injection","Social Engineering","Low",3.59,8.09,11.26,60.89,"Yes",34.26
760,"Malware","Cross Site Scripting","Network Attack","Medium",4.76,10.48,23.91,51.62,"Yes",44.78
761,"Phishing","Weak Password","Network Attack","Low",3.78,5.36,6.58,73.02,"No",17.68
762,"Malware","System Misconfiguration","Web Attack","Medium",4.52,9.01,13.45,42.7,"Yes",43.84
763,"DDoS","Open Port","Web Attack","Critical",9.34,38.88,36.56,79.22,"Yes",84.06
764,"Phishing","Missing Security Patch","Network Attack","Critical",9.58,26.06,41.17,70.23,"No",66.91
765,"DDoS","Outdated Software","Network Attack","Medium",6.5,19.12,27.95,75.75,"Yes",56.79
766,"Malware","Insecure API","Web Attack","Medium",4.2,6.38,8.14,90.24,"Yes",33.43
767,"Malware","Weak Password","Network Attack","Medium",5.15,20.3,22.69,89.05,"No",30.8
768,"Phishing","Open Port","Social Engineering","Medium",6.57,22.73,21.64,52.06,"No",47.29
769,"DDoS","Open Port","Web Attack","Medium",4.24,6.71,13.85,72.52,"No",21.48
770,"DDoS","Weak Encryption","Web Attack","High",8.72,29.05,52.58,46.41,"No",65.72
771,"Insider Threat","SQL Injection","Web Attack","Critical",9.21,28.92,45.3,78.35,"Yes",79.26
772,"Insider Threat","Weak Password","Web Attack","Medium",5.52,6.5,11.5,90.68,"Yes",42.62
773,"DDoS","Cross Site Scripting","Web Attack","Critical",9.68,27.2,64.04,86.61,"Yes",80.66
774,"Insider Threat","Weak Encryption","Network Attack","High",8.23,31.35,44.69,57.64,"Yes",76.52
775,"Malware","Missing Security Patch","Network Attack","High",7.17,30.94,27.42,63.87,"No",52.97
776,"Malware","Cross Site Scripting","Network Attack","Medium",6.76,12.51,25.71,54.66,"Yes",59.11
777,"Phishing","Weak Encryption","Network Attack","Medium",4.08,16.97,32.31,51.79,"Yes",42.55
778,"Phishing","Weak Encryption","Network Attack","Low",3.34,7.88,12.12,67.86,"Yes",31.37
779,"DDoS","Open Port","Social Engineering","High",8.61,35.7,32.91,61.39,"Yes",80.37
780,"Insider Threat","System Misconfiguration","Web Attack","Low",3.12,7.32,13.71,63.13,"No",15.26
781,"Malware","Outdated Software","Social Engineering","High",8.85,29.69,51.79,45.02,"No",67.04
782,"Insider Threat","Privilege Escalation","Network Attack","Medium",4.48,5.44,12.55,77.28,"No",21.95
783,"Malware","Outdated Software","Network Attack","Medium",5.53,15.57,27.1,68.59,"No",34.62
784,"DDoS","Cross Site Scripting","Web Attack","High",6.96,19.52,22.33,88.67,"No",43.21
785,"Insider Threat","Missing Security Patch","Web Attack","Medium",4.4,10.06,9.03,78.1,"Yes",38.14
786,"Phishing","Weak Encryption","Social Engineering","Medium",6.48,13.36,32.33,50.18,"Yes",58.19
787,"Malware","Weak Encryption","Social Engineering","Medium",6.44,22.27,26.94,48.11,"Yes",61.79
788,"Malware","Weak Password","Web Attack","High",8.62,40.25,36.17,42.8,"No",70.05
789,"Malware","Outdated Software","Social Engineering","Medium",4.91,15.48,26.32,50.58,"No",32.98
790,"Insider Threat","Missing Security Patch","Network Attack","Medium",5.83,16.14,29.6,89.12,"Yes",48.88
791,"Insider Threat","Insecure API","Social Engineering","Low",3.1,9.95,9.68,47.36,"Yes",33.56
792,"Phishing","System Misconfiguration","Network Attack","Low",3.29,6.35,10.72,94.15,"No",11.48
793,"Malware","Cross Site Scripting","Network Attack","Low",2.57,8.89,15.55,66.61,"No",11.56
794,"Phishing","System Misconfiguration","Web Attack","Low",3.73,11.42,7.08,60.34,"No",21.61
795,"Insider Threat","Insecure API","Social Engineering","Low",2.9,9.05,13.9,90.69,"No",10.31
796,"Phishing","SQL Injection","Web Attack","Critical",8.93,47.22,58.4,85.45,"Yes",83.57
797,"Malware","System Misconfiguration","Network Attack","Medium",4.89,16.33,17.83,54.49,"Yes",47.57
798,"Malware","Privilege Escalation","Network Attack","High",7.98,36.74,47.81,65.89,"Yes",75.66
799,"Phishing","Weak Encryption","Social Engineering","High",8.15,37.11,39.18,54.57,"No",63.73
800,"Malware","Privilege Escalation","Web Attack","Medium",6.42,18.45,23.58,46.67,"No",45.35
801,"Phishing","Outdated Software","Web Attack","Low",2.73,7.07,13.47,66.94,"Yes",26.91
802,"Phishing","SQL Injection","Web Attack","Medium",5.76,16.7,19.65,66.47,"No",37
803,"Malware","Weak Encryption","Network Attack","Medium",5.81,17.9,21.35,49.06,"Yes",55.47
804,"Malware","Insecure API","Network Attack","Medium",5.86,13.6,28.75,86.29,"No",33.48
805,"Malware","Missing Security Patch","Network Attack","Critical",10,32.02,48.73,86.47,"No",69.84
806,"Insider Threat","Weak Encryption","Web Attack","High",7.62,16.46,23.05,83.87,"Yes",62.37
807,"Phishing","Weak Encryption","Network Attack","Medium",6.78,14.19,24.13,60.97,"No",44.01
808,"Phishing","Weak Encryption","Network Attack","Low",3.06,6.06,13.26,76.45,"No",12.36
809,"DDoS","Missing Security Patch","Social Engineering","Medium",6.08,26.68,10.78,87.9,"Yes",55.01
810,"DDoS","Weak Password","Social Engineering","Medium",6.78,14.71,23.57,71.24,"No",42.67
811,"Malware","Privilege Escalation","Web Attack","High",7.94,39.05,55.84,80.63,"Yes",74.09
812,"DDoS","Open Port","Network Attack","Critical",9.04,28.62,57.92,77.51,"No",63.12
813,"Phishing","Outdated Software","Web Attack","Medium",6.05,18.71,24.75,83.27,"No",37.36
814,"Insider Threat","SQL Injection","Web Attack","Medium",6.01,18.32,19.85,70.38,"No",38.81
815,"DDoS","System Misconfiguration","Web Attack","Critical",9.51,39.52,45.63,43.83,"Yes",90.79
816,"Malware","Weak Encryption","Web Attack","Medium",4.26,5.56,15.26,57.94,"Yes",38.33
817,"Malware","Privilege Escalation","Network Attack","Medium",6.39,20.01,22.72,42.55,"Yes",61.36
818,"Malware","SQL Injection","Network Attack","Medium",5.5,15.82,30.18,83.46,"Yes",47.28
819,"DDoS","Weak Password","Network Attack","High",7.18,24.22,24.69,68.79,"Yes",64.64
820,"DDoS","Weak Encryption","Network Attack","Medium",5.52,23.89,17.24,76.41,"No",36.73
821,"DDoS","Outdated Software","Web Attack","Medium",6.06,20.41,19.19,59.8,"Yes",56.59
822,"Phishing","Open Port","Network Attack","Low",2.25,8.98,16.86,94.07,"Yes",20.24
823,"DDoS","SQL Injection","Network Attack","Low",2.93,6.63,9.18,60.2,"Yes",29.12
824,"Insider Threat","Outdated Software","Network Attack","High",7.54,15.17,20.81,72.84,"No",47.9
825,"DDoS","Cross Site Scripting","Network Attack","High",8.14,30.88,40.22,65.26,"No",59.53
826,"Malware","Privilege Escalation","Network Attack","Medium",3.99,8.6,13.42,71.4,"Yes",35.63
827,"Phishing","Open Port","Network Attack","Medium",5.63,20.9,9.78,91.99,"No",33.99
828,"Malware","Privilege Escalation","Network Attack","Medium",4.4,8.4,10.78,89.92,"Yes",35.69
829,"Phishing","Outdated Software","Network Attack","Low",3.88,5.55,10.1,57.72,"No",20.73
830,"DDoS","Privilege Escalation","Web Attack","Medium",6.3,11.75,24.8,45.57,"Yes",56.95
831,"Malware","Privilege Escalation","Web Attack","Medium",6.17,16.88,18.53,54.76,"No",41.71
832,"DDoS","Outdated Software","Network Attack","High",7.25,12.06,17.61,85.81,"No",42.7
833,"Phishing","Cross Site Scripting","Social Engineering","Medium",5.68,24.2,25.53,92.15,"No",35.59
834,"DDoS","SQL Injection","Web Attack","Low",3.71,7.57,12.81,46.2,"No",22.05
835,"DDoS","Privilege Escalation","Network Attack","Medium",6.77,20.83,31.85,72.37,"No",44.87
836,"DDoS","Missing Security Patch","Network Attack","Medium",5.5,17.37,27.07,86.93,"No",32.41
837,"DDoS","Weak Encryption","Web Attack","Critical",9.28,32.67,50.21,72.77,"Yes",82.09
838,"DDoS","Weak Password","Social Engineering","High",8.32,32.61,53.1,78.48,"No",59.48
839,"Malware","Insecure API","Social Engineering","High",7.38,36.55,52.41,45.37,"No",59.49
840,"Malware","Outdated Software","Web Attack","Low",3.22,9.25,9.88,78.03,"Yes",29.56
841,"Insider Threat","Missing Security Patch","Network Attack","Low",3.64,8.02,11.91,82.52,"Yes",31.29
842,"DDoS","Insecure API","Network Attack","High",7.81,33.86,38.49,42.15,"Yes",76.87
843,"DDoS","SQL Injection","Web Attack","High",8.45,42.17,40.47,88.33,"No",62.76
844,"Malware","Missing Security Patch","Network Attack","Low",3.47,8.21,11.43,46.82,"No",20.58
845,"DDoS","Open Port","Social Engineering","High",6.93,17.83,25.77,81.94,"No",43.32
846,"Malware","Weak Encryption","Social Engineering","Low",2.79,7.24,10.06,93.66,"Yes",23.36
847,"Insider Threat","Weak Password","Network Attack","Critical",9.03,43.06,41.31,46.88,"No",73.42
848,"Malware","Weak Password","Web Attack","Medium",4.21,14.62,20.33,67.25,"Yes",40.2
849,"Malware","Weak Encryption","Web Attack","Medium",4.44,8.29,16.69,90.96,"No",20.78
850,"Malware","Missing Security Patch","Network Attack","Medium",6.56,11.81,27.47,42.64,"No",44.25
851,"Phishing","Weak Encryption","Web Attack","Medium",5.53,18,24.49,61.06,"No",36.73
852,"DDoS","SQL Injection","Social Engineering","Medium",6.07,16.67,34.61,63.07,"Yes",54.7
853,"Insider Threat","Cross Site Scripting","Web Attack","High",7.56,14.44,25.99,93.18,"Yes",59.71
854,"DDoS","Outdated Software","Web Attack","High",7.24,22.41,20.52,60.34,"Yes",65.57
855,"Phishing","Missing Security Patch","Network Attack","Medium",4.63,6.59,12.38,77.34,"Yes",38.43
856,"Phishing","Cross Site Scripting","Web Attack","High",8.82,21.56,43.93,93.13,"No",56.38
857,"Insider Threat","Weak Password","Web Attack","Low",1.82,4.07,12.96,76.38,"Yes",17.91
858,"Malware","SQL Injection","Network Attack","Medium",6.51,21.9,26.9,68.05,"Yes",59.1
859,"Malware","Outdated Software","Social Engineering","Medium",5.59,14.8,29.02,93.77,"No",31.01
860,"Insider Threat","Weak Encryption","Social Engineering","Medium",4.66,9.6,12.65,93.43,"Yes",37.45
861,"Phishing","SQL Injection","Social Engineering","Medium",6.14,24.51,12.54,88.76,"Yes",54.46
862,"Malware","Outdated Software","Web Attack","Medium",4.29,7.66,8.62,74.89,"No",21.89
863,"DDoS","Missing Security Patch","Network Attack","High",6.95,14.08,26.72,77.26,"Yes",57.71
864,"Phishing","Missing Security Patch","Network Attack","Medium",6.37,18.56,15.74,47,"No",44.94
865,"DDoS","Privilege Escalation","Network Attack","Low",3.63,7.01,9.89,51.88,"Yes",35.43
866,"Malware","Insecure API","Social Engineering","Medium",5.13,13.45,20.77,73.69,"Yes",45.27
867,"Malware","Outdated Software","Network Attack","High",7.32,20.78,26.37,84.9,"No",46.83
868,"Malware","Weak Password","Social Engineering","High",7.74,24.45,29.51,58.19,"No",55.26
869,"Phishing","Missing Security Patch","Social Engineering","Low",2.55,10.87,11.39,82.84,"No",9.79
870,"Phishing","Privilege Escalation","Web Attack","Low",3.31,8.48,12.19,82.59,"No",14.14
871,"Malware","Privilege Escalation","Web Attack","Medium",5.76,20.74,22.59,56.72,"Yes",55.08
872,"Malware","Weak Password","Network Attack","Medium",5.69,16.98,21.2,71.97,"Yes",50.84
873,"DDoS","System Misconfiguration","Network Attack","Medium",6.34,17.61,23.52,62.73,"No",42
874,"Phishing","System Misconfiguration","Web Attack","Medium",6.62,10.7,26.26,60.77,"Yes",56.49
875,"Insider Threat","Privilege Escalation","Social Engineering","Medium",4.22,9.76,18.7,61.54,"No",24.22
876,"DDoS","Outdated Software","Network Attack","Low",2.99,6.04,12.98,93.35,"Yes",24.33
877,"Malware","Privilege Escalation","Web Attack","Medium",4.68,22.84,19.76,42.76,"No",35.51
878,"DDoS","SQL Injection","Web Attack","Medium",6.59,16.65,13.1,46.75,"No",45.81
879,"Insider Threat","Weak Encryption","Network Attack","Medium",6.43,13.59,29.61,81.32,"Yes",53.27
880,"DDoS","Insecure API","Network Attack","Medium",3.99,17.48,19.73,45.82,"No",28.07
881,"Malware","System Misconfiguration","Web Attack","Critical",9.49,29.91,52.48,43.76,"No",71.82
882,"Insider Threat","Insecure API","Social Engineering","Low",3.13,8.26,16.39,52.57,"No",17.3
883,"DDoS","Privilege Escalation","Social Engineering","High",8.22,47.73,52.89,74.93,"No",65.41
884,"Malware","Privilege Escalation","Network Attack","High",7.36,9.01,24.16,60.61,"Yes",61.01
885,"DDoS","Cross Site Scripting","Web Attack","Medium",4.88,21.04,31.11,43.35,"No",36.07
886,"Insider Threat","Privilege Escalation","Network Attack","Low",3.01,6.98,7.14,46.68,"No",16.83
887,"Phishing","Privilege Escalation","Web Attack","High",6.91,23.85,16.5,85.68,"No",45.07
888,"Malware","Open Port","Network Attack","Medium",4.57,22.58,31.74,82.47,"No",28.64
889,"Malware","Weak Password","Network Attack","Medium",6.53,18.97,21.89,83.7,"Yes",55.77
890,"Malware","Missing Security Patch","Network Attack","Medium",6.51,16.19,35.22,53.53,"No",43.98
891,"DDoS","SQL Injection","Web Attack","Low",3.14,1.73,13.5,93.32,"Yes",23.68
892,"DDoS","Open Port","Network Attack","Low",2.49,9.65,7.36,62.71,"Yes",26.91
893,"DDoS","Weak Encryption","Network Attack","Low",3.29,8.78,11.41,46.48,"Yes",34.59
894,"Phishing","Weak Password","Web Attack","High",7.34,25.01,38.2,51.69,"Yes",68.61
895,"Insider Threat","Outdated Software","Network Attack","High",7.66,17.49,31.38,85.66,"No",47.78
896,"DDoS","Insecure API","Web Attack","High",8.83,31.54,54.02,80.87,"Yes",77.27
897,"Malware","Open Port","Web Attack","Medium",5.17,23.92,29.58,62.81,"Yes",51.32
898,"Phishing","Outdated Software","Web Attack","Medium",6.5,20.3,26.02,86.36,"Yes",55.68
899,"Malware","Privilege Escalation","Web Attack","Medium",5.8,16.63,21.98,72.2,"Yes",51.4
900,"DDoS","Insecure API","Web Attack","Critical",9.57,39.2,44.13,70.77,"No",72.03
901,"Insider Threat","Missing Security Patch","Social Engineering","Low",2.59,8.64,8.98,58.67,"No",12.78
902,"Phishing","System Misconfiguration","Social Engineering","Low",2.82,12.08,7.81,83.85,"No",11.98
903,"Insider Threat","SQL Injection","Network Attack","Low",2.79,6.84,10.21,76.35,"No",10.84
904,"DDoS","SQL Injection","Social Engineering","Low",2.6,7.62,8.89,55.76,"Yes",27.88
905,"DDoS","Weak Encryption","Web Attack","Medium",4.57,8.25,14.57,47.33,"No",28.22
906,"Phishing","Outdated Software","Web Attack","High",7.72,34.9,49.36,59.74,"No",59.01
907,"DDoS","Missing Security Patch","Social Engineering","Medium",6.29,18.07,19.83,50.09,"Yes",58.73
908,"Insider Threat","Open Port","Web Attack","Medium",5.63,16.38,20.99,76.52,"Yes",49.51
909,"Insider Threat","System Misconfiguration","Social Engineering","Medium",6.89,25.04,31.58,83.67,"No",45.68
910,"Malware","SQL Injection","Network Attack","Medium",6.58,17.53,27.88,80.04,"Yes",56.07
911,"Malware","Weak Password","Web Attack","Low",2.87,8.53,12.5,40.11,"No",17.48
912,"Malware","Privilege Escalation","Network Attack","Low",1.62,11.79,8.01,43.48,"No",9.56
913,"Insider Threat","Weak Encryption","Network Attack","Low",3.84,18,25.54,61.59,"No",24.82
914,"DDoS","Privilege Escalation","Social Engineering","Medium",6.19,18.56,19.08,88.1,"No",37.56
915,"Phishing","Weak Password","Web Attack","Medium",3.97,10.76,9.48,58.07,"No",23.41
916,"Insider Threat","Weak Encryption","Web Attack","Medium",6.48,16.92,24.7,54.76,"No",43.88
917,"DDoS","Weak Encryption","Social Engineering","Critical",9.38,36.94,60.45,82.48,"Yes",83.09
918,"Phishing","Weak Encryption","Social Engineering","Low",3.23,10.96,10.63,62.38,"No",17.67
919,"Phishing","Insecure API","Web Attack","Medium",5.99,16.69,26.44,76.66,"Yes",52.12
920,"Phishing","Insecure API","Social Engineering","Low",3.87,8.29,13.8,66.99,"Yes",35.38
921,"Insider Threat","Weak Encryption","Network Attack","High",8.15,33.33,50.22,44.83,"No",63.68
922,"Malware","Weak Encryption","Web Attack","High",7.13,19.35,28.55,45.76,"No",50.82
923,"Phishing","Weak Encryption","Social Engineering","High",6.96,20.44,23.88,91.2,"Yes",58.19
924,"Insider Threat","Missing Security Patch","Web Attack","High",8.58,39.35,41.36,82.34,"No",63.49
925,"DDoS","Missing Security Patch","Web Attack","Medium",6.08,17.63,17.07,86.99,"Yes",51.57
926,"DDoS","Missing Security Patch","Social Engineering","Medium",6.5,20.28,24.69,63.09,"Yes",59.15
927,"Phishing","SQL Injection","Web Attack","High",7.81,17.3,27.89,90.86,"No",47.99
928,"DDoS","Missing Security Patch","Social Engineering","Medium",6.68,21.14,27.09,69,"Yes",59.86
929,"Malware","Privilege Escalation","Web Attack","Low",3.35,9.13,12.76,49.09,"No",19.72
930,"DDoS","Privilege Escalation","Network Attack","Low",3.69,9.44,14.32,58.52,"Yes",35.86
931,"Insider Threat","Outdated Software","Web Attack","Medium",6.19,16.44,31.64,93.44,"Yes",50.91
932,"Malware","Open Port","Web Attack","Medium",6.25,16.49,20.27,77.7,"Yes",53.68
933,"DDoS","Insecure API","Web Attack","Medium",6.44,19.55,19.31,88.73,"No",39.61
934,"DDoS","System Misconfiguration","Web Attack","Medium",4.99,18.74,20.91,75.98,"No",31
935,"Insider Threat","Missing Security Patch","Network Attack","High",7.41,13.57,17.26,88.2,"No",44.09
936,"Malware","Weak Password","Web Attack","Medium",6.14,19.87,25.78,86.53,"No",37.93
937,"Phishing","Missing Security Patch","Web Attack","Medium",6.09,19.52,21.16,46.22,"No",43.51
938,"Insider Threat","Missing Security Patch","Social Engineering","High",8.86,29.16,38.56,54.04,"Yes",80.57
939,"Insider Threat","Insecure API","Network Attack","Medium",6.3,19.65,20.65,66.01,"Yes",57.03
940,"Malware","Open Port","Social Engineering","High",7.61,27.82,29,89.66,"No",50.98
941,"Insider Threat","Weak Encryption","Web Attack","Low",3.6,9.17,17.41,71.61,"Yes",33.15
942,"Phishing","SQL Injection","Web Attack","High",8.07,31.69,44.13,68.37,"Yes",73.94
943,"Phishing","Missing Security Patch","Social Engineering","Medium",6.41,14.81,29.65,44.71,"No",44.11
944,"Phishing","Weak Encryption","Web Attack","High",8.43,41.9,31.97,43.61,"Yes",84.26
945,"Malware","Privilege Escalation","Web Attack","High",8.59,37.42,41.06,63.11,"Yes",80.61
946,"Malware","Privilege Escalation","Social Engineering","Medium",5.77,15.45,25.52,53.3,"Yes",53.57
947,"Phishing","Outdated Software","Social Engineering","Medium",4.51,5.95,11.7,82.99,"Yes",36.5
948,"Phishing","Missing Security Patch","Social Engineering","High",8.36,44.89,60.42,79.3,"No",64.6
949,"Phishing","Open Port","Network Attack","Medium",3.9,8.13,16.1,74.3,"No",19.41
950,"Phishing","Privilege Escalation","Network Attack","Low",3.13,7.89,15.15,47.45,"No",17.95
951,"DDoS","SQL Injection","Web Attack","Low",3.58,7.05,12.55,72.74,"No",17
952,"Malware","Insecure API","Network Attack","Medium",5.8,25.48,23.08,41.7,"Yes",59.52
953,"Insider Threat","Privilege Escalation","Web Attack","High",7.05,18,31.65,90.93,"Yes",57.89
954,"Malware","Open Port","Web Attack","High",7.04,15.4,26.41,61.78,"No",46.16
955,"Phishing","Weak Encryption","Network Attack","Low",3.38,9.01,11.86,52.39,"No",19.43
956,"Insider Threat","Missing Security Patch","Social Engineering","Critical",9.03,34.18,52.65,78.19,"No",65.15
957,"DDoS","System Misconfiguration","Social Engineering","Critical",8.92,25.79,44.83,83.24,"No",60.26
958,"Malware","Weak Encryption","Network Attack","Low",3.23,10.23,8.54,85.76,"No",13.84
959,"Phishing","System Misconfiguration","Network Attack","Medium",4.36,19.87,29.71,87.14,"Yes",40.39
960,"Phishing","Insecure API","Web Attack","Low",3.86,10.71,14.71,43.48,"Yes",39.8
961,"Phishing","System Misconfiguration","Web Attack","Low",2.76,9.86,10.23,45.26,"No",16.45
962,"Phishing","Cross Site Scripting","Network Attack","Critical",9.47,41.95,44.6,80.91,"Yes",85.96
963,"DDoS","Weak Password","Web Attack","Medium",4.35,7.46,15.03,41.28,"No",27.27
964,"Malware","Weak Encryption","Web Attack","Medium",4.12,13.79,25.74,56.2,"No",25.96
965,"Insider Threat","Privilege Escalation","Web Attack","Low",3.09,2.66,9.49,85.74,"Yes",24.84
966,"DDoS","System Misconfiguration","Network Attack","Critical",9.83,26.54,46.34,49.96,"Yes",86.93
967,"Phishing","System Misconfiguration","Web Attack","Medium",5.76,18.07,24.11,62.06,"Yes",53.21
968,"Malware","Missing Security Patch","Social Engineering","Medium",6.08,17.51,14.12,56.44,"Yes",56.08
969,"DDoS","Privilege Escalation","Web Attack","Medium",6.2,18.51,27.06,94.54,"Yes",51.63
970,"Phishing","Weak Encryption","Social Engineering","High",7.43,18.15,26.35,64.71,"Yes",64.57
971,"DDoS","SQL Injection","Network Attack","Low",2.36,8.2,7.33,74.37,"No",8.63
972,"Malware","Insecure API","Web Attack","Medium",5.1,7.29,13.06,67.79,"No",28.44
973,"Insider Threat","SQL Injection","Network Attack","Low",3.85,5.39,13.4,66.9,"No",19.09
974,"Malware","Privilege Escalation","Web Attack","High",7.95,38.21,40.05,64.07,"No",61.32
975,"Malware","System Misconfiguration","Network Attack","Medium",5.59,19.66,26.83,42.3,"No",40.63
976,"DDoS","Outdated Software","Web Attack","Medium",5.98,15.05,25.97,51.06,"No",40.19
977,"Insider Threat","Insecure API","Web Attack","Low",3.46,9.92,10.1,51.5,"No",20.47
978,"Malware","Outdated Software","Social Engineering","Medium",6.09,27.08,18.58,73.09,"Yes",57.49
979,"Phishing","Open Port","Social Engineering","Low",3.75,8.82,10.65,44.62,"No",23.11
980,"Phishing","Privilege Escalation","Web Attack","Low",2.93,5.09,7.75,73.27,"No",11.57
981,"Phishing","Open Port","Social Engineering","Medium",5.96,23.01,25.27,94.88,"No",36.71
982,"DDoS","Cross Site Scripting","Network Attack","High",7.59,15.59,27.89,71.98,"No",48.58
983,"Insider Threat","Insecure API","Web Attack","High",8.79,37.54,46.64,45.52,"No",69.7
984,"DDoS","Outdated Software","Web Attack","Medium",6.9,17.97,29.84,61.04,"Yes",61.33
985,"Insider Threat","SQL Injection","Web Attack","Critical",9.04,34.93,44.1,80.31,"Yes",80.23
986,"DDoS","SQL Injection","Network Attack","Low",2.48,6.7,11.21,70.9,"No",9.4
987,"Malware","SQL Injection","Web Attack","Critical",9.35,40.54,38.55,90.06,"No",68.19
988,"Malware","Outdated Software","Network Attack","High",8.37,47.16,33.7,43.85,"No",70.85
989,"Malware","Open Port","Web Attack","Medium",6.36,19.11,22.49,60.52,"No",43.1
990,"Phishing","System Misconfiguration","Web Attack","Medium",4.96,16.43,38.44,53.38,"Yes",48.32
991,"Malware","Missing Security Patch","Network Attack","Medium",6.1,17.11,25.9,70.66,"Yes",53.95
992,"Malware","Cross Site Scripting","Web Attack","High",7.88,40.26,50.76,43.27,"No",64.79
993,"DDoS","System Misconfiguration","Web Attack","Low",3.22,8.12,10.48,47.68,"No",18.65
994,"Phishing","System Misconfiguration","Web Attack","Medium",6.82,11.36,23.89,49.89,"No",44.81
995,"DDoS","Insecure API","Network Attack","Critical",9.14,46.81,37.73,67.37,"No",72.57
996,"Insider Threat","Open Port","Network Attack","High",7.92,34.24,44.54,60.27,"Yes",75.08
997,"DDoS","Cross Site Scripting","Web Attack","Critical",9.23,34.2,40.41,59.75,"Yes",84.33
998,"Phishing","SQL Injection","Social Engineering","Medium",5.01,7.34,14.64,93.71,"No",23.96
999,"DDoS","Outdated Software","Network Attack","Medium",6.87,16.24,33.31,52.41,"No",46.72
1000,"Malware","System Misconfiguration","Network Attack","High",7.89,28.44,54.34,67.84,"No",56.43
