"Threat","Type","Direction","Vector","Pattern","Medium","Speed","Impact","Mutation","Attack_Strength"
"AI_Attack","External","Forward","API","Linear","Wired",18.89,23.87,0.39,51.06
"AI_Attack","Internal","Downward","Email","Random","Wired",33.31,48.97,0.42,48.47
"Insider_Malware","External","Forward","USB","Circular","Hybrid",44.92,72.95,0.09,57.59
"Hacker_Passive","External","Backward","Network","Circular","Wireless",39.49,59.79,0.68,60.88
"Weak_Password","External","Upward","API","Random","Hybrid",70.2,16.64,0.52,54.46
"Supply_Chain","Internal","Cross","USB","Linear","Wired",49.09,53.3,0.88,48.78
"Virus","Internal","Downward","Network","Circular","Hybrid",55.32,102.28,0.69,70.94
"Weak_Password","External","Cross","Cloud","Random","Wired",60.61,45.82,0.19,69.92
"Data_Leak","External","Cross","Cloud","Circular","Hybrid",52.29,73.34,0.15,84.73
"Insider_Malware","External","Upward","API","Linear","Wired",64.42,60.12,0.05,45.17
"Supply_Chain","External","Forward","Cloud","Circular","Wireless",56.6,70.37,0.19,44.88
"AI_Attack","External","Cross","Email","Linear","Wired",60.47,66.45,0.89,47.77
"Data_Leak","Internal","Backward","Email","Circular","Wireless",27.71,67.28,0.13,42.79
"Data_Leak","External","Downward","Network","Linear","Hybrid",33.11,67.55,0.98,89.76
"Data_Leak","External","Forward","Cloud","Circular","Wired",16.6,26.46,0.48,22.36
"AI_Attack","Internal","Forward","Network","Linear","Wired",46.2,70.01,0.37,38.82
"Rogue_Employee","Internal","Forward","Email","Circular","Wired",71.48,72.57,0.92,48.61
"Insider_Malware","Internal","Cross","Email","Circular","Wired",35.32,78.25,0.83,56.41
"No_Encryption","Internal","Forward","Email","Linear","Wireless",54.73,97.34,0.26,57.78
"Insider_Malware","Internal","Cross","Email","Random","Hybrid",56.61,70.74,0.47,75.22
"Data_Leak","External","Cross","Network","Random","Wired",53.58,75.42,0.26,79.21
"AI_Attack","Internal","Downward","Email","Linear","Wireless",45.74,41.45,0.12,44.38
"Virus","Internal","Backward","Email","Circular","Wireless",40.73,71.99,0.49,63.38
"Hacker_Active","External","Downward","API","Linear","Wireless",40.45,38.89,0.48,34.68
"No_Encryption","Internal","Cross","Email","Circular","Wireless",50.26,109.97,0.16,73.37
"Supply_Chain","External","Backward","USB","Circular","Wireless",69.49,62.86,0.84,46.89
"Insider_Malware","Internal","Backward","API","Random","Wireless",38.1,77.04,0.84,66.67
"No_Encryption","External","Forward","Email","Random","Hybrid",48.16,78.83,0.8,45.08
"Data_Leak","Internal","Forward","Cloud","Linear","Wired",51.49,43.85,0.38,60.25
"Data_Leak","External","Downward","API","Random","Wired",61.87,79.34,0.66,59.89
"Insider_Malware","Internal","Upward","Cloud","Random","Wired",46.53,48.54,0.87,43.91
"No_Encryption","External","Cross","Network","Linear","Hybrid",59.57,79.17,0.57,65.69
"Supply_Chain","Internal","Forward","Email","Circular","Wireless",27.55,57.62,0.74,109.14
"No_Encryption","Internal","Forward","Email","Random","Hybrid",60.78,56.4,0.68,60.31
"Supply_Chain","External","Cross","Cloud","Random","Wireless",51.45,78.28,0.79,53.76
"Weak_Password","Internal","Cross","Cloud","Random","Wired",33.57,77.33,0.55,52.27
"Data_Leak","Internal","Upward","API","Random","Wired",15.04,65.02,0.07,54.59
"Hacker_Passive","External","Upward","Network","Linear","Wired",44.52,55.27,0.33,62.53
"Supply_Chain","External","Cross","Email","Random","Wireless",60.03,73.88,0.05,46.92
"Rogue_Employee","Internal","Backward","USB","Random","Wireless",54.79,69.02,0.79,82.82
"Hacker_Passive","External","Downward","Email","Circular","Wireless",44.54,89.19,0.52,69.04
"Hacker_Active","External","Upward","API","Linear","Wireless",50.75,57.36,0.66,73.85
"Data_Leak","Internal","Downward","Email","Linear","Wired",52.34,67.54,0.36,80.75
"Data_Leak","Internal","Downward","Network","Circular","Wireless",38.71,115.42,0.98,43.66
"Weak_Password","External","Forward","API","Random","Wired",50.82,44.32,0.37,45.95
"Supply_Chain","Internal","Cross","API","Circular","Wired",51.68,76.35,0.6,64.93
"Data_Leak","Internal","Cross","Cloud","Circular","Hybrid",39.16,78.21,0.46,52.8
"Insider_Malware","Internal","Backward","Cloud","Random","Hybrid",52.97,61.02,0.57,67.67
"Virus","External","Cross","Cloud","Circular","Hybrid",54.66,55.81,0.95,58.95
"Weak_Password","External","Downward","Cloud","Circular","Wireless",57.89,40.86,0.91,70.59
"Rogue_Employee","External","Upward","Network","Random","Wireless",60.67,41.65,0.32,35.89
"Weak_Password","Internal","Forward","Cloud","Circular","Wireless",56.15,64.72,0.1,70.54
"Weak_Password","Internal","Upward","API","Linear","Hybrid",54.52,95.06,0.27,32.32
"No_Encryption","External","Downward","Cloud","Linear","Wireless",48.57,71.07,0.83,59.73
"Hacker_Active","Internal","Downward","API","Circular","Wired",56.73,100.91,0.95,67.06
"Weak_Password","Internal","Backward","USB","Circular","Wired",30.96,57.96,0.11,48.08
"Hacker_Passive","Internal","Backward","Email","Linear","Wired",59.81,81.57,0.59,82.51
"Hacker_Active","External","Upward","Cloud","Circular","Wireless",41.98,72.49,0.85,63.27
"Hacker_Passive","External","Backward","Cloud","Random","Hybrid",85.06,77.25,0.6,35.85
"Virus","External","Backward","USB","Linear","Hybrid",41.05,74.11,0.7,83.43
"Supply_Chain","External","Upward","Email","Random","Hybrid",6.69,85.55,0.1,64.66
"Weak_Password","Internal","Forward","USB","Linear","Wireless",70.58,69.85,0.69,55.86
"AI_Attack","Internal","Downward","USB","Circular","Hybrid",41.02,89.37,0.77,70.87
"Data_Leak","External","Forward","API","Random","Wireless",58.89,79.8,0.04,41.25
"Virus","External","Forward","API","Random","Wired",53.39,69.81,0.88,60.03
"Weak_Password","Internal","Cross","Cloud","Random","Wired",66.44,67.74,0.12,64.25
"Data_Leak","External","Upward","Email","Linear","Wireless",36.45,44.47,0.76,16.18
"Data_Leak","Internal","Cross","Email","Random","Wired",32.16,57.03,0.98,53.85
"No_Encryption","Internal","Cross","USB","Linear","Wireless",65.97,64.73,0.13,49.64
"AI_Attack","External","Downward","API","Random","Hybrid",35.62,88.71,0.5,65.33
"Rogue_Employee","Internal","Upward","Email","Circular","Wired",26.99,85.83,0.93,76.7
"Data_Leak","External","Backward","Email","Random","Wireless",61.67,53.87,0.05,62.21
"AI_Attack","Internal","Cross","Email","Random","Wired",49.02,60.47,0.38,47.97
"No_Encryption","Internal","Downward","Email","Circular","Wireless",84.17,104.74,0.42,58.85
"AI_Attack","Internal","Cross","Email","Linear","Wired",55.15,41.75,0.97,44.85
"No_Encryption","External","Cross","Network","Circular","Wireless",44.7,73.59,0.37,44.87
"Weak_Password","Internal","Upward","Email","Random","Wireless",40.59,75.55,0.68,22.45
"Insider_Malware","External","Downward","Network","Circular","Wired",75.27,59.97,0.97,56.09
"Supply_Chain","Internal","Cross","Cloud","Random","Wireless",31.78,42.55,0.66,68.82
"Supply_Chain","External","Forward","Network","Circular","Hybrid",59.25,62.13,0.51,64.07
"Rogue_Employee","External","Backward","API","Circular","Wireless",58.43,123.77,0.98,44.27
"AI_Attack","Internal","Cross","Network","Circular","Wired",41.41,67.8,0.97,52.97
"Insider_Malware","External","Forward","API","Circular","Hybrid",73.04,65.54,0.89,76.96
"Hacker_Passive","External","Upward","Cloud","Random","Hybrid",38.79,73.59,0.63,71.09
"Insider_Malware","External","Forward","Network","Linear","Wired",49.71,46.62,0.68,68.09
"Hacker_Passive","Internal","Downward","Network","Linear","Hybrid",55.81,85.02,0.13,55.18
"Insider_Malware","External","Backward","Email","Linear","Wireless",84.85,84.39,0.22,59.21
"Weak_Password","External","Backward","Cloud","Linear","Wired",59.23,63.04,0.61,43.29
"Virus","External","Cross","Network","Random","Hybrid",75.97,71.19,0.82,60.58
"Hacker_Active","Internal","Upward","Network","Random","Hybrid",39.07,59.9,0.33,66.07
"Weak_Password","External","Backward","USB","Circular","Hybrid",23.82,83.8,0.78,60.82
"AI_Attack","Internal","Backward","Email","Linear","Hybrid",63.34,36.82,0.77,63.22
"Rogue_Employee","External","Upward","Network","Circular","Hybrid",25.57,65.55,0.3,23.93
"AI_Attack","External","Backward","Email","Linear","Wireless",29.87,82.47,0.58,64.3
"Rogue_Employee","External","Forward","Network","Linear","Wireless",59.16,103.75,0.41,55.09
"Hacker_Active","External","Forward","Cloud","Circular","Wireless",49.16,51.83,0.38,41.08
"No_Encryption","External","Cross","Email","Linear","Wired",62.71,47.63,0.39,55.48
"No_Encryption","External","Cross","Email","Circular","Wired",71.5,67.84,0.97,62.85
"No_Encryption","External","Upward","Email","Linear","Hybrid",63.69,68.85,0.05,45.67
"Insider_Malware","Internal","Backward","Email","Linear","Hybrid",55.73,85.16,0.12,60.32
"Weak_Password","Internal","Upward","API","Circular","Hybrid",58.28,67.71,0.75,42.32
"No_Encryption","External","Forward","Email","Circular","Hybrid",52.17,58.52,0.11,43.77
"Insider_Malware","Internal","Backward","Email","Circular","Wired",75.63,107.8,0.07,87.21
"Supply_Chain","External","Downward","Cloud","Random","Hybrid",50.79,63.42,0.23,71.61
"Weak_Password","External","Upward","Cloud","Linear","Wireless",62.11,87.62,0.64,36.31
"Rogue_Employee","External","Downward","Cloud","Linear","Wired",35.9,84.89,0.37,56.44
"Supply_Chain","External","Cross","API","Linear","Wired",50.59,61.21,0.06,61.97
"No_Encryption","Internal","Forward","Email","Circular","Wireless",20.04,103.25,0.12,55.39
"Virus","Internal","Upward","Cloud","Linear","Wired",52.08,46.88,0.83,76.43
"AI_Attack","Internal","Backward","API","Circular","Wired",27.68,51.25,0.77,93.88
"Data_Leak","External","Cross","Email","Circular","Hybrid",48.01,93.34,0.79,51.31
"No_Encryption","External","Backward","Email","Random","Wired",46.4,38.85,0.25,72.67
"Weak_Password","Internal","Backward","Cloud","Linear","Wired",64.58,82.75,0.97,76.77
"Insider_Malware","External","Downward","Cloud","Linear","Wired",40.37,73.95,0.41,66.09
"Data_Leak","External","Upward","Network","Random","Wired",40.04,84.79,0.12,67.06
"No_Encryption","External","Forward","Network","Random","Wired",20.4,85.63,0.21,78.39
"Hacker_Passive","External","Forward","Email","Random","Wired",59.31,56.69,0.83,61.81
"AI_Attack","Internal","Cross","Network","Circular","Wired",66.33,56.31,0.74,30.33
"Rogue_Employee","External","Forward","Network","Circular","Hybrid",46.61,86.29,0.41,66.71
"Virus","Internal","Cross","Email","Circular","Wired",72.2,87.77,0.84,40.68
"No_Encryption","Internal","Downward","Email","Linear","Wireless",43.85,47.73,0.59,50.82
"Virus","Internal","Upward","Email","Linear","Wireless",34.97,45.36,0.56,56.41
"Hacker_Active","Internal","Downward","USB","Circular","Wireless",53.44,48.51,0.34,28.17
"Rogue_Employee","Internal","Cross","USB","Linear","Hybrid",60.29,69.7,0.8,57.25
"Virus","External","Backward","Cloud","Linear","Wireless",27.6,69.58,0.66,73.31
"Data_Leak","Internal","Downward","USB","Linear","Wireless",25.47,116.55,0.29,50.66
"Rogue_Employee","External","Backward","Cloud","Circular","Hybrid",50.7,80.75,0.13,37.7
"Weak_Password","External","Forward","Email","Random","Wireless",57.21,66.98,0.36,55.47
"Virus","Internal","Backward","USB","Random","Wired",14.83,59.44,0.18,51.4
"Rogue_Employee","External","Forward","API","Random","Wireless",24.41,59.3,0.66,64.66
"AI_Attack","Internal","Upward","Email","Linear","Wireless",54.62,57.6,0.79,50.68
"Virus","External","Forward","Network","Linear","Hybrid",63.33,48.12,0.73,49.48
"Virus","External","Cross","Email","Linear","Wired",44.29,73.5,0,65.37
"Weak_Password","External","Cross","Network","Circular","Wireless",68.01,6.22,0.06,67.44
"Hacker_Active","External","Downward","USB","Random","Hybrid",40.79,46.61,0.39,77.18
"Insider_Malware","Internal","Cross","Cloud","Random","Wireless",47.5,89.83,0.87,75.98
"Virus","Internal","Upward","Email","Circular","Wired",70.25,72.98,0.33,50.17
"Data_Leak","Internal","Backward","USB","Random","Wireless",48.78,81.09,0.27,73.58
"No_Encryption","Internal","Upward","API","Random","Hybrid",50.39,58.21,0.77,40.13
"Rogue_Employee","Internal","Forward","Cloud","Circular","Hybrid",36.5,98.19,0.41,62.4
"Supply_Chain","Internal","Downward","Cloud","Linear","Hybrid",51.01,64.05,0.67,30.19
"Hacker_Passive","External","Forward","Network","Random","Wired",40.34,81.75,0.49,66.07
"Weak_Password","Internal","Downward","Email","Circular","Wired",23.01,70.27,0.09,43.9
"Data_Leak","External","Upward","API","Circular","Wired",35.44,79.58,0.1,58.89
"Rogue_Employee","Internal","Forward","USB","Linear","Hybrid",46.42,61.17,0.93,64.11
"Insider_Malware","Internal","Cross","API","Random","Hybrid",52.45,94.88,0.77,37.5
"Virus","External","Cross","Cloud","Random","Wired",66.02,59.65,0.85,73.47
"Supply_Chain","Internal","Forward","API","Random","Hybrid",50.58,127.2,0.42,76.45
"No_Encryption","External","Cross","Cloud","Circular","Wireless",48.09,66.77,0.92,64.16
"Hacker_Active","External","Upward","Network","Random","Wireless",66.59,72.52,0.53,41.47
"Rogue_Employee","Internal","Upward","USB","Linear","Wired",86.23,57.6,0.17,37.73
"Rogue_Employee","Internal","Upward","USB","Linear","Wireless",48.72,84.66,0.34,37.45
"Insider_Malware","External","Upward","Cloud","Random","Wireless",67.67,73.78,0.97,53.31
"Data_Leak","External","Cross","Network","Random","Wireless",57.29,82.71,0.69,58.4
"Rogue_Employee","Internal","Cross","Cloud","Random","Hybrid",48.86,84.26,0.89,65.3
"Hacker_Passive","External","Cross","Network","Circular","Wireless",21.19,54.62,0.65,71.94
"Supply_Chain","Internal","Backward","Network","Circular","Hybrid",35.49,86.52,0.88,52.22
"Data_Leak","Internal","Backward","API","Circular","Wired",41.65,46.2,0.85,76.52
"No_Encryption","External","Backward","Email","Random","Wireless",33.35,73.07,0.11,54.45
"No_Encryption","Internal","Cross","USB","Linear","Wireless",32.58,88.25,0.26,37.49
"Insider_Malware","External","Upward","USB","Circular","Hybrid",43.81,38.17,0.47,70.7
"Insider_Malware","External","Downward","Network","Linear","Wired",64.28,61.17,0.9,68.35
"Rogue_Employee","Internal","Forward","Cloud","Linear","Wireless",36.2,61.94,0.57,61.77
"Weak_Password","Internal","Forward","Cloud","Circular","Wireless",51.77,28.75,0.52,67.37
"No_Encryption","Internal","Cross","Cloud","Random","Wireless",46.96,65.95,0.09,81.45
"Insider_Malware","External","Backward","Email","Random","Wireless",61.9,98.15,0.07,55.05
"Hacker_Active","Internal","Cross","Email","Random","Wired",50.58,41.85,0.42,75.15
"Data_Leak","External","Downward","Network","Circular","Wireless",47.48,48.01,0.24,51.74
"AI_Attack","External","Backward","Network","Random","Wired",41.24,62.14,0.78,80.77
"Insider_Malware","Internal","Upward","API","Circular","Wired",63.38,68.81,0.71,57.52
"Supply_Chain","External","Downward","Cloud","Random","Wired",67.09,72.1,0.62,56.51
"Weak_Password","External","Backward","USB","Random","Wireless",50.29,73.78,0.14,69.3
"Data_Leak","Internal","Upward","Network","Random","Hybrid",99.08,64.44,0.6,69.11
"Virus","External","Upward","Cloud","Linear","Wired",49.96,117.18,0.03,81.62
"Insider_Malware","External","Cross","API","Random","Wireless",93.86,61.05,0.93,67.05
"No_Encryption","Internal","Upward","Network","Random","Wired",47.99,43.29,0.4,75.12
"Data_Leak","External","Upward","USB","Linear","Hybrid",26.44,38.7,0.23,70.26
"No_Encryption","External","Downward","Cloud","Random","Wired",28.63,66.01,0.69,52.8
"Insider_Malware","Internal","Cross","Email","Random","Wired",36.93,59.21,0.79,79.01
"Virus","External","Cross","Email","Random","Wired",72.18,90.99,0.83,45.48
"Rogue_Employee","External","Forward","Cloud","Linear","Wireless",75.55,66.26,0.86,75.32
"Data_Leak","Internal","Forward","Network","Random","Wireless",55.96,71.58,0.06,46.57
"Data_Leak","Internal","Backward","Cloud","Random","Wired",54.63,37.65,0.1,74.68
"Data_Leak","Internal","Upward","Email","Random","Hybrid",41.95,65.2,0.74,58.32
"Supply_Chain","Internal","Cross","API","Circular","Wired",39.85,64.56,0.02,60.53
"No_Encryption","External","Downward","Email","Linear","Wired",39.23,41.94,0.29,88.97
"Weak_Password","Internal","Cross","Email","Circular","Hybrid",36.94,51.74,0.83,48.6
"Hacker_Active","External","Backward","API","Linear","Wireless",41.9,52.54,0.18,75.71
"Insider_Malware","External","Upward","Email","Circular","Wired",40.66,86.54,0.4,49.81
"Insider_Malware","Internal","Cross","Cloud","Circular","Hybrid",57.93,81.16,0.3,60.37
"Hacker_Active","External","Cross","Network","Circular","Hybrid",61.56,83.89,0.99,58.15
"Insider_Malware","External","Downward","USB","Random","Wired",74.05,98.12,0.45,89.12
"Hacker_Active","Internal","Cross","USB","Random","Wired",13.27,63.57,0.62,79.08
"Insider_Malware","Internal","Forward","Email","Linear","Wireless",57.43,93.66,0.51,61.13
"Supply_Chain","Internal","Forward","USB","Random","Hybrid",45.22,64.69,0.49,62.01
"No_Encryption","Internal","Cross","API","Linear","Wireless",46,93.12,0.44,61.23
"Supply_Chain","External","Upward","Network","Random","Hybrid",25.37,44.94,0.04,39.33
"Insider_Malware","External","Cross","Cloud","Random","Wireless",49.51,57.92,0.2,34.74
"Data_Leak","External","Upward","USB","Linear","Hybrid",38.36,88.27,0.21,57.19
"Virus","External","Cross","USB","Linear","Wireless",55.34,103.15,0.6,56.92
"Weak_Password","Internal","Cross","Email","Linear","Wireless",33.31,69.22,0.08,49.1
"Hacker_Passive","External","Downward","Cloud","Circular","Wired",101.69,63.37,0.6,46.62
"Hacker_Active","External","Backward","Cloud","Linear","Hybrid",38.27,82.52,1,59.21
"Supply_Chain","External","Backward","Network","Linear","Wireless",45.77,67.59,0.58,86.76
"Data_Leak","Internal","Forward","Email","Random","Hybrid",31.57,70.27,0.1,54.73
"Virus","Internal","Upward","Cloud","Random","Hybrid",45.12,75.04,0.38,76.91
"AI_Attack","External","Cross","Network","Random","Wireless",82.01,91.79,0.73,56.3
"Data_Leak","Internal","Downward","Network","Random","Hybrid",44.2,48.69,0.56,64.64
"Hacker_Active","External","Upward","Email","Circular","Wireless",59.15,61.17,0.91,92.61
"Hacker_Passive","External","Backward","USB","Linear","Hybrid",35.9,82.01,0.07,64.42
"Virus","Internal","Upward","API","Circular","Wired",73.08,27.12,0.37,50.27
"Insider_Malware","Internal","Cross","USB","Linear","Hybrid",57.03,95.91,0.24,34.4
"Hacker_Active","External","Downward","Email","Linear","Hybrid",39.25,57.03,0.56,52.3
"Supply_Chain","External","Cross","API","Circular","Wired",53.46,49.11,0.06,74.97
"Supply_Chain","External","Upward","API","Random","Wired",44.2,73.35,0.14,53.02
"Data_Leak","Internal","Cross","Email","Random","Hybrid",57.63,114.68,0.18,72.23
"Rogue_Employee","Internal","Cross","Cloud","Random","Hybrid",37.86,56.55,0.5,56.39
"No_Encryption","External","Upward","Cloud","Linear","Wireless",56.95,40.11,0.37,38.96
"Data_Leak","Internal","Backward","Network","Linear","Hybrid",73.75,67.34,0.36,31.56
"Supply_Chain","Internal","Backward","Email","Random","Wired",68.94,93.4,0.98,44.85
"Hacker_Passive","Internal","Downward","Network","Linear","Hybrid",54.57,64.46,0.23,60.11
"Insider_Malware","Internal","Cross","API","Random","Wireless",55.01,81.99,0.51,52.55
"Weak_Password","External","Downward","USB","Linear","Wired",56.32,93.13,0.72,48.19
"No_Encryption","Internal","Backward","Network","Random","Wired",63.48,35.72,0.42,61.34
"Data_Leak","External","Downward","API","Random","Wireless",55.79,82,0.2,43.61
"Hacker_Active","Internal","Upward","Network","Random","Wired",59.09,59.66,0.27,74.53
"Supply_Chain","External","Upward","USB","Circular","Hybrid",59.57,68.81,0.06,51.03
"Supply_Chain","Internal","Forward","Network","Random","Wired",53.42,114.9,0.21,57.39
"Rogue_Employee","External","Downward","Email","Linear","Wired",60.81,75.05,0.79,46.45
"Supply_Chain","External","Backward","Email","Circular","Wired",50.87,86.22,0.33,68.21
"No_Encryption","Internal","Downward","Email","Random","Hybrid",65.17,50.21,0.58,65.62
"Virus","External","Upward","Cloud","Linear","Wired",43.58,78.6,0.88,53.33
"Hacker_Passive","Internal","Cross","Network","Circular","Hybrid",52.91,67.53,0.05,30.46
"Hacker_Active","External","Forward","Cloud","Random","Wired",50.49,65.36,0.87,62.4
"Hacker_Active","Internal","Forward","Network","Circular","Wired",33.89,81.16,0.24,66.39
"Hacker_Passive","External","Downward","Network","Circular","Wired",67.98,39.91,0.38,67.36
"Hacker_Active","Internal","Cross","USB","Linear","Wireless",32.56,97.81,0.8,75.74
"Hacker_Passive","Internal","Cross","Cloud","Circular","Hybrid",69.58,115.65,0.54,47.7
"Rogue_Employee","External","Backward","USB","Linear","Hybrid",33.97,61.18,0.16,48.92
"Hacker_Active","Internal","Upward","USB","Circular","Hybrid",35.27,80.38,0.59,40.81
"AI_Attack","Internal","Forward","Cloud","Linear","Wireless",62.91,111.08,0.78,72.86
"Hacker_Passive","External","Downward","Network","Linear","Hybrid",48.77,52.36,0.34,53.11
"Hacker_Passive","External","Forward","Email","Circular","Hybrid",22.32,70.94,0.37,48.03
"Supply_Chain","External","Upward","Network","Circular","Hybrid",72.55,116.17,0.44,59.31
"Data_Leak","External","Forward","Cloud","Random","Wireless",12.67,51.49,0.08,57.14
"Insider_Malware","External","Cross","Network","Random","Wired",39.61,89.11,0.51,50.47
"Weak_Password","Internal","Downward","Cloud","Linear","Wireless",27.19,79.47,0.68,89.5
"Insider_Malware","Internal","Forward","Cloud","Circular","Hybrid",41.48,62.74,0.86,48.89
"Insider_Malware","External","Upward","Cloud","Linear","Wired",51.33,77.24,0.01,77.12
"Weak_Password","External","Backward","API","Circular","Wireless",45,63.36,0.55,69
"AI_Attack","External","Forward","USB","Circular","Hybrid",41.32,85.21,0.26,87.25
"Virus","Internal","Downward","USB","Circular","Wired",47.54,59.81,0.79,61.65
"AI_Attack","External","Forward","Cloud","Linear","Hybrid",54.04,34.86,0.47,60.14
"No_Encryption","External","Cross","Cloud","Random","Wired",37.16,86.26,0.96,50.76
"AI_Attack","Internal","Forward","Network","Linear","Hybrid",18.88,92.65,0.6,41.97
"Hacker_Passive","Internal","Cross","USB","Linear","Wired",36.11,72.23,0.3,55.48
"No_Encryption","Internal","Backward","Network","Random","Hybrid",21.43,53.4,0.6,51.1
"AI_Attack","External","Forward","Network","Circular","Wireless",59.53,60.35,0.77,52.26
"Data_Leak","External","Backward","Cloud","Circular","Hybrid",78.05,43.66,0.55,65.59
"No_Encryption","External","Backward","API","Linear","Hybrid",32.82,42.25,0.28,53.29
"Data_Leak","Internal","Cross","USB","Linear","Wired",36.72,92.65,0.92,8.79
"Virus","External","Cross","Network","Linear","Wired",36.87,28.83,0.03,56.87
"Hacker_Passive","Internal","Downward","API","Linear","Hybrid",61.83,81.17,0.96,62.82
"Weak_Password","External","Backward","Network","Linear","Wireless",50.47,62.32,0.08,58.94
"Insider_Malware","External","Upward","API","Circular","Hybrid",57.33,43.49,0.97,63.02
"Data_Leak","Internal","Downward","Network","Circular","Wireless",61.57,65.35,0.5,53.24
"No_Encryption","Internal","Downward","Email","Circular","Wired",53.72,66.22,0.09,74.29
"Supply_Chain","Internal","Forward","API","Circular","Hybrid",56.72,94.05,0.8,54.92
"Hacker_Active","External","Backward","Network","Linear","Wireless",32.56,117.98,0.21,53.12
"AI_Attack","Internal","Downward","API","Linear","Wireless",49.07,106.46,0.56,73.87
"Hacker_Passive","Internal","Forward","Network","Circular","Wired",40.76,102.54,0.1,77.89
"Supply_Chain","Internal","Downward","Cloud","Random","Wired",30.43,102.32,0.71,53.72
"Hacker_Active","Internal","Cross","Cloud","Random","Hybrid",32.47,88.57,0.34,58.1
"AI_Attack","External","Cross","Cloud","Random","Hybrid",64.06,60.91,0.98,49.35
"Data_Leak","Internal","Cross","API","Random","Hybrid",30.49,73.42,0.62,61.95
"Hacker_Passive","Internal","Backward","Email","Linear","Hybrid",43.94,39.39,0.05,86.15
"Weak_Password","External","Downward","Email","Linear","Hybrid",64.74,54.44,0.57,73.14
"AI_Attack","Internal","Forward","API","Linear","Wired",54.94,52.54,0.95,69.68
"AI_Attack","Internal","Backward","USB","Circular","Hybrid",59.79,48.2,0.41,67
"Data_Leak","Internal","Downward","API","Linear","Wireless",54.97,98.25,0.79,56.83
"Hacker_Passive","Internal","Downward","API","Linear","Wireless",47.77,80,0.44,35.01
"Hacker_Active","External","Cross","API","Circular","Wired",17,75.29,0.7,71.24
"Weak_Password","External","Backward","Network","Random","Wired",40.87,69.77,0.34,62.17
"Insider_Malware","External","Cross","Email","Linear","Hybrid",29.33,89.72,0.44,52.22
"Rogue_Employee","Internal","Downward","Email","Linear","Hybrid",44.33,87.69,0.19,79.67
"Insider_Malware","External","Forward","Network","Circular","Wireless",80.81,51.9,0.68,72.68
"Insider_Malware","External","Upward","USB","Circular","Hybrid",52.07,29.92,0.23,78.15
"Virus","Internal","Forward","Cloud","Circular","Wireless",39.21,46.43,0.94,71.21
"Weak_Password","Internal","Forward","Email","Linear","Hybrid",63.33,60.1,0.2,48.57
"Virus","External","Cross","Email","Circular","Hybrid",57.37,69.94,0.6,56.18
"Virus","External","Upward","USB","Circular","Wired",48.79,100.07,0.31,31.34
"Data_Leak","External","Forward","API","Circular","Wired",46.59,82.7,0.94,56.98
"Rogue_Employee","Internal","Upward","USB","Circular","Wireless",47.82,83.71,0.08,33.33
"No_Encryption","Internal","Cross","API","Linear","Wired",48.93,86.21,0.68,61.68
"Insider_Malware","Internal","Backward","USB","Circular","Wired",59.29,67.39,0.89,62.32
"Hacker_Active","External","Backward","Cloud","Linear","Hybrid",51.91,48.52,0.43,50.73
"Hacker_Passive","Internal","Upward","API","Circular","Hybrid",40.59,52.05,0.97,59.65
"Rogue_Employee","Internal","Cross","USB","Circular","Wired",62.52,42.86,0.5,35.73
"AI_Attack","Internal","Upward","Email","Circular","Hybrid",39.52,44.15,0.1,65.69
"Insider_Malware","Internal","Forward","Network","Circular","Wireless",69.64,39.66,0.86,88.53
"No_Encryption","Internal","Forward","Cloud","Circular","Wired",35.3,87.18,0.9,69.03
"Hacker_Active","Internal","Backward","Cloud","Circular","Wired",61.22,45.71,0.1,85.99
"Hacker_Passive","Internal","Backward","USB","Circular","Hybrid",68.87,82.38,0.55,57.8
"AI_Attack","External","Forward","Cloud","Circular","Wireless",68.33,116.91,0.58,55.91
"AI_Attack","External","Forward","Network","Circular","Hybrid",48.32,66.04,0.51,77.21
"Weak_Password","External","Downward","API","Linear","Hybrid",60.38,66.32,0.65,67.58
"Insider_Malware","External","Forward","API","Linear","Wireless",17.94,86.77,0.52,72.02
"Supply_Chain","External","Cross","Network","Random","Wireless",56.66,69.71,0.82,57.97
"Virus","Internal","Upward","Cloud","Random","Wireless",48.36,54.72,0.68,59.29
"Hacker_Passive","External","Cross","Email","Random","Wireless",59,41.61,0.07,63.75
"Hacker_Active","External","Forward","USB","Circular","Wired",51.63,71.87,0.54,60.65
"Hacker_Active","External","Downward","Network","Random","Hybrid",69.42,61.46,0.36,71.87
"Supply_Chain","External","Cross","API","Linear","Hybrid",47.44,77.85,0.19,54.48
"Hacker_Passive","External","Forward","Email","Random","Wireless",61.01,75.64,0.74,46.2
"Hacker_Passive","External","Cross","Email","Linear","Wireless",48.41,95.96,0.55,82.19
"AI_Attack","External","Upward","Cloud","Circular","Wireless",59.84,82,0.08,48.93
"Supply_Chain","External","Backward","Cloud","Linear","Hybrid",31.53,92.73,0.81,64.33
"Weak_Password","Internal","Backward","Email","Circular","Hybrid",59.1,71.39,0.93,32.09
"Insider_Malware","External","Forward","Email","Random","Wired",44.16,86.32,0.41,50.34
"AI_Attack","External","Downward","Cloud","Linear","Hybrid",55.92,65.05,0.17,96.32
"AI_Attack","External","Backward","API","Linear","Hybrid",36.87,66.93,0.11,61.37
"Hacker_Active","External","Upward","USB","Random","Wired",58.12,71.49,0.42,72.25
"Rogue_Employee","External","Backward","Cloud","Circular","Wired",94.87,47.79,0.05,68.15
"Hacker_Active","External","Forward","Email","Circular","Hybrid",73.11,45.89,0.88,38.7
"Virus","External","Downward","USB","Circular","Hybrid",64.71,64.19,0.73,72.89
"Rogue_Employee","Internal","Backward","Network","Circular","Hybrid",40.71,41.97,0.86,44.67
"Insider_Malware","Internal","Cross","Email","Circular","Wireless",54.87,71.91,0.47,70.69
"Insider_Malware","External","Downward","API","Random","Wired",47.62,85.97,0.05,41.92
"Rogue_Employee","External","Forward","Cloud","Linear","Wireless",20.22,52.35,0.28,59.53
"No_Encryption","Internal","Forward","USB","Linear","Wireless",46.4,71.04,0.86,67.95
"Hacker_Passive","External","Cross","Email","Linear","Wired",45.25,39.18,0.59,55.11
"Hacker_Active","External","Cross","API","Circular","Wireless",48.66,88.7,0.2,57.83
"Virus","Internal","Backward","Network","Random","Hybrid",42.02,62.86,0.24,68.59
"Data_Leak","External","Downward","Network","Circular","Wired",59.78,100.61,0.27,70.8
"Supply_Chain","Internal","Upward","Network","Linear","Hybrid",78.78,70.84,0.47,82.77
"Rogue_Employee","External","Upward","USB","Linear","Hybrid",67.33,107.2,0.65,102.37
"Hacker_Passive","Internal","Cross","Email","Circular","Wireless",59.9,76.7,0.61,58.31
"Supply_Chain","External","Backward","Network","Linear","Hybrid",50.83,66.21,0.15,79.94
"Hacker_Passive","External","Backward","Email","Random","Wired",51.14,90.24,0.02,70.39
"Weak_Password","Internal","Backward","Cloud","Circular","Wired",67.36,80.6,0.16,61.05
"Insider_Malware","Internal","Upward","Network","Random","Wireless",69.22,58.89,0.16,59.21
"Insider_Malware","External","Upward","Cloud","Circular","Wired",41.12,84.05,0.15,45.05
"Data_Leak","Internal","Downward","API","Random","Wired",64.25,82.62,0.09,74.87
"No_Encryption","External","Forward","USB","Random","Wired",32.25,77.46,0.93,75.56
"Weak_Password","Internal","Upward","Email","Circular","Wired",32.11,62.87,0.11,52.47
"AI_Attack","Internal","Backward","API","Circular","Wireless",73.94,69,0.26,41.98
"Rogue_Employee","External","Backward","API","Random","Wireless",50.55,87.58,0.94,60.45
"No_Encryption","Internal","Downward","USB","Linear","Wired",50.51,92.49,0.1,76.76
"Virus","External","Forward","Email","Circular","Wireless",64.69,75.96,0.88,86.11
"Rogue_Employee","External","Upward","Network","Circular","Wireless",47.05,53.86,0.03,51.65
"AI_Attack","Internal","Forward","USB","Linear","Wired",37.3,85.08,0.78,58.2
"Rogue_Employee","External","Forward","Email","Circular","Wireless",52.08,73,0.22,85.7
"Weak_Password","External","Upward","Network","Circular","Wired",24.37,92.75,0.36,53.96
"Virus","Internal","Backward","Network","Random","Wireless",42.91,37.97,0.24,44.85
"No_Encryption","External","Forward","Cloud","Random","Wired",47.65,55.12,0.88,65.23
"Insider_Malware","External","Upward","USB","Circular","Hybrid",28.36,80.65,0.16,95.67
"Rogue_Employee","Internal","Backward","Email","Circular","Hybrid",52.77,42.94,0.11,48.72
"Virus","Internal","Backward","USB","Linear","Hybrid",39.01,124.97,0.93,52.9
"Insider_Malware","Internal","Upward","Cloud","Circular","Wireless",66.71,52.96,0.02,58.44
"Data_Leak","External","Cross","Email","Random","Hybrid",45.78,78.94,0.96,60.89
"Weak_Password","External","Forward","Cloud","Random","Hybrid",33.63,35.44,0,54.17
"AI_Attack","External","Upward","Network","Circular","Hybrid",53.59,114.1,0.77,67.18
"Virus","External","Cross","API","Linear","Hybrid",49.2,84.52,0.59,50.16
"Data_Leak","Internal","Upward","USB","Random","Wired",50.6,59.72,0.83,57.98
"Data_Leak","Internal","Upward","USB","Random","Wired",53.23,75.22,0.51,70.14
"Virus","Internal","Backward","Cloud","Circular","Wireless",44.09,55.79,0.55,61.98
"Virus","Internal","Forward","Network","Linear","Hybrid",45.1,35.61,0.21,70.35
"Weak_Password","Internal","Backward","API","Linear","Hybrid",59.72,48.21,0.95,39.14
"Supply_Chain","Internal","Backward","USB","Linear","Wired",74.4,51.77,0.69,47.55
"Hacker_Active","External","Cross","Network","Linear","Wireless",21.11,92.83,0.77,57.68
"Rogue_Employee","Internal","Forward","USB","Circular","Hybrid",47.96,79.32,0.52,36.38
"No_Encryption","Internal","Downward","Network","Linear","Wireless",64.7,62.59,0.94,62.86
"Supply_Chain","Internal","Forward","Network","Circular","Wired",32.31,64.87,0.38,73.82
"Weak_Password","External","Cross","USB","Circular","Wireless",67.5,91.45,0.48,58.03
"AI_Attack","Internal","Backward","USB","Circular","Hybrid",44.31,49.92,0.9,35.39
"Rogue_Employee","External","Backward","USB","Linear","Wired",60.62,81.99,0.57,56.28
"Insider_Malware","Internal","Forward","Cloud","Random","Hybrid",72.11,51.31,0.93,40.5
"Supply_Chain","External","Cross","Cloud","Random","Hybrid",63.48,84.33,0.41,56.02
"No_Encryption","Internal","Backward","Cloud","Linear","Hybrid",68.21,95.14,0.85,38.99
"Virus","External","Downward","Network","Random","Wireless",16.88,61.25,0.84,29.36
"Data_Leak","External","Backward","Network","Linear","Hybrid",30.9,79.14,0.72,72.78
"AI_Attack","External","Upward","USB","Random","Wireless",58.72,25.89,0.27,63.9
"Insider_Malware","External","Downward","Network","Random","Hybrid",36.34,76.48,0.16,42.54
"No_Encryption","Internal","Upward","Email","Random","Hybrid",41.72,76.29,0.7,38.82
"Hacker_Passive","External","Upward","USB","Linear","Wireless",70.76,78.51,0.4,41.58
"Data_Leak","Internal","Cross","Network","Random","Wireless",51.75,94.33,0.33,51.95
"Weak_Password","Internal","Cross","API","Linear","Hybrid",50.68,50.93,0.48,78.02
"Virus","Internal","Forward","USB","Linear","Wireless",46.32,97.99,0.14,65.69
"Weak_Password","Internal","Cross","API","Circular","Hybrid",26.03,50.79,0.56,45.64
"Hacker_Passive","External","Cross","Email","Linear","Wireless",21.79,37.3,0.38,74.67
"Hacker_Passive","External","Forward","Network","Circular","Wireless",46.73,114.12,0.87,39.13
"Rogue_Employee","External","Cross","Network","Random","Hybrid",55.32,86.33,0.75,85.16
"Rogue_Employee","Internal","Upward","Email","Random","Hybrid",30.22,85.27,0.08,56.24
"Supply_Chain","External","Downward","USB","Circular","Wired",22.88,82.62,0.34,81.49
"Data_Leak","External","Backward","Cloud","Linear","Wireless",69.13,65.83,0.09,44.75
"No_Encryption","Internal","Forward","API","Random","Wired",57.6,90.17,0.18,59.54
"AI_Attack","External","Cross","USB","Random","Hybrid",57.23,98.72,0.48,52.34
"No_Encryption","External","Forward","USB","Linear","Wireless",63.76,38.77,0.49,65.11
"Rogue_Employee","Internal","Cross","Email","Circular","Wireless",58.32,47.14,0.07,45.44
"Insider_Malware","External","Forward","Network","Linear","Hybrid",34.17,55.55,0.55,41.63
"Supply_Chain","Internal","Backward","Network","Random","Hybrid",68.75,80.52,0.87,45.75
"Hacker_Active","External","Upward","API","Circular","Wired",30.84,23.12,0.34,86.49
"No_Encryption","Internal","Downward","Cloud","Linear","Wired",42.82,66.85,0.43,63.6
"Weak_Password","External","Backward","Email","Linear","Hybrid",55,40.98,0.28,75.43
"Rogue_Employee","Internal","Downward","API","Circular","Hybrid",54.21,63.1,0,48.57
"Virus","Internal","Backward","Network","Random","Wired",58.84,37.86,0.45,58.33
"Weak_Password","External","Backward","API","Circular","Hybrid",63.15,93.41,0.41,58.62
"Hacker_Active","Internal","Downward","API","Random","Wireless",37.85,64.48,0.73,55.86
"AI_Attack","External","Forward","USB","Linear","Wireless",30.69,66.11,0.58,57.92
"Virus","External","Backward","Email","Circular","Hybrid",32.48,99.84,0.96,64.44
"Hacker_Active","External","Downward","API","Linear","Wired",58.62,52.7,0.22,48.11
"Supply_Chain","Internal","Backward","USB","Circular","Hybrid",43.06,39.07,0.31,71.55
"Virus","Internal","Forward","Cloud","Circular","Wired",56.19,57.61,0.1,86.93
"Hacker_Passive","External","Cross","Email","Circular","Hybrid",67.74,56.95,0.27,59.09
"No_Encryption","Internal","Downward","API","Random","Wired",39.92,77.01,0.51,67.8
"AI_Attack","Internal","Backward","Cloud","Circular","Wireless",63.87,63.68,0.2,63.16
"Insider_Malware","External","Upward","Email","Linear","Wireless",40.33,41.78,0.89,59.45
"AI_Attack","Internal","Backward","Email","Linear","Hybrid",59.25,66.32,0.76,66.72
"Hacker_Active","External","Cross","Cloud","Random","Wireless",50.51,81.93,0.32,59.14
"No_Encryption","External","Backward","Network","Random","Wired",37.24,43.13,0.67,46.96
"Weak_Password","External","Forward","Email","Random","Wireless",64.22,90.02,0.87,58.67
"Virus","External","Upward","Cloud","Linear","Wired",60.84,84.15,0.54,78.25
"Supply_Chain","Internal","Downward","Cloud","Circular","Hybrid",36.97,100.01,0.92,68.55
"No_Encryption","Internal","Cross","API","Circular","Hybrid",50.57,63.44,0.98,65.93
"AI_Attack","External","Cross","Email","Circular","Wired",87.84,78.45,0.1,58.29
"Hacker_Passive","External","Cross","USB","Linear","Wired",38.72,52.54,0.38,68.29
"Rogue_Employee","External","Cross","Email","Random","Wired",47.5,64.87,0.81,29.56
"Virus","Internal","Backward","USB","Circular","Wireless",71.04,48.92,0.22,58.97
"Weak_Password","External","Forward","Cloud","Linear","Wireless",33.29,91.51,0.46,37.53
"Insider_Malware","External","Backward","Email","Random","Hybrid",85.71,41.03,0.21,53.92
"No_Encryption","External","Forward","Cloud","Circular","Hybrid",39.99,82.29,0.6,39
"Weak_Password","Internal","Upward","Email","Random","Wireless",42.18,56.33,0.33,79.01
"Hacker_Active","Internal","Backward","Email","Random","Hybrid",49.42,49.04,0.96,49.67
"Weak_Password","External","Backward","Cloud","Linear","Hybrid",66.12,99.22,0.32,52.67
"Rogue_Employee","Internal","Backward","Email","Random","Wireless",98.53,72.14,0.84,78.53
"AI_Attack","External","Backward","Network","Circular","Hybrid",57.25,76.67,0.12,72.2
"Hacker_Passive","Internal","Forward","USB","Linear","Wired",59.29,73.89,0.31,54.86
"AI_Attack","Internal","Downward","Email","Linear","Wireless",29.4,83.05,0.53,29.7
"Hacker_Active","Internal","Downward","Email","Random","Wired",52.12,99.5,0.07,72.56
"Hacker_Passive","Internal","Forward","USB","Circular","Hybrid",14.6,71.24,0.27,54.4
"Hacker_Passive","External","Forward","USB","Random","Wired",46.13,94.42,0.64,49.41
"Rogue_Employee","External","Cross","Email","Linear","Wireless",71.92,23.05,0.58,51.91
"Insider_Malware","External","Upward","Email","Circular","Wireless",47.03,82.6,0.7,43.21
"Virus","Internal","Upward","Network","Circular","Wireless",49.14,78.46,0.42,38.72
"Data_Leak","External","Backward","Cloud","Circular","Wireless",50.59,73.62,0.89,44.82
"No_Encryption","Internal","Forward","API","Circular","Wired",48.14,72.54,0.42,76.25
"Rogue_Employee","External","Downward","Network","Random","Wired",51.5,60.85,0.92,44.32
"AI_Attack","Internal","Backward","Network","Circular","Wired",27.33,57.54,0.74,55.14
"Weak_Password","Internal","Cross","Network","Circular","Wireless",42.79,91.91,0.59,67.87
"Weak_Password","External","Downward","Cloud","Circular","Hybrid",44.88,66.27,0.67,66.68
"Rogue_Employee","Internal","Downward","Email","Linear","Wireless",58.55,93.63,0.57,30.76
"Hacker_Active","External","Forward","Email","Circular","Hybrid",53.11,62.26,0.31,81.93
"Hacker_Passive","Internal","Downward","Cloud","Linear","Wired",38.62,49.73,0.67,62.67
"Supply_Chain","External","Forward","Cloud","Random","Wireless",62.74,98.93,0.89,75
"Rogue_Employee","Internal","Backward","API","Linear","Wireless",68.4,68.03,0.86,45.94
"Rogue_Employee","External","Backward","Cloud","Linear","Hybrid",30.81,94.35,0.19,53.28
"No_Encryption","External","Upward","USB","Circular","Hybrid",52.76,45.36,0.57,55.97
"Supply_Chain","External","Backward","Network","Circular","Hybrid",38.76,77.16,0.56,69.78
"Hacker_Active","Internal","Cross","Email","Circular","Hybrid",40.88,63.69,0.35,41.68
"Insider_Malware","Internal","Backward","API","Circular","Wireless",56.3,109.08,0.04,52.81
"Data_Leak","External","Downward","Cloud","Circular","Wired",62.63,96.15,0.15,69.38
"Data_Leak","Internal","Forward","USB","Random","Wireless",55.7,81.21,0.89,76.41
"No_Encryption","External","Backward","Network","Random","Hybrid",41.98,59.86,0.51,46.42
"Insider_Malware","Internal","Backward","API","Random","Wired",66.95,89.67,0.8,81.18
"Virus","Internal","Backward","Cloud","Circular","Wireless",65.48,84.43,0.49,58.01
"Rogue_Employee","Internal","Downward","USB","Linear","Wireless",35.16,41.07,0.83,57.11
"Virus","Internal","Downward","USB","Linear","Wireless",54.7,93.76,0.5,70.1
"AI_Attack","External","Downward","Network","Linear","Wired",32.61,87.14,0.64,73.14
"No_Encryption","External","Downward","API","Circular","Wired",72,66.25,0.35,48.62
"Hacker_Active","External","Forward","API","Random","Wired",54.05,116.24,0.26,72.97
"Weak_Password","External","Upward","Email","Circular","Wired",66.01,89.06,0.28,45.77
"Insider_Malware","Internal","Cross","API","Circular","Wireless",55.82,59.72,0.8,72.58
"Insider_Malware","Internal","Cross","USB","Circular","Hybrid",48.38,88.62,0.82,52.04
"Hacker_Active","Internal","Upward","Email","Circular","Hybrid",61.26,78.19,0.48,48.2
"No_Encryption","Internal","Cross","Email","Circular","Wired",33.45,66.5,0.44,75.89
"Supply_Chain","Internal","Upward","Cloud","Linear","Hybrid",28.51,4.76,0.81,67.05
"Weak_Password","External","Upward","Cloud","Circular","Wireless",40.53,61.37,0.94,41.73
"Insider_Malware","Internal","Cross","USB","Random","Wireless",53.95,70.49,0.79,73.05
"Weak_Password","Internal","Backward","Email","Linear","Wired",43.79,84.47,0.22,55.99
"Data_Leak","External","Downward","Cloud","Linear","Wired",43.02,77.05,0.3,68.53
"Rogue_Employee","External","Backward","Network","Random","Hybrid",63.81,74.53,0.03,66.86
"Hacker_Active","External","Upward","API","Linear","Hybrid",42.47,100.26,0.19,45.45
"Weak_Password","Internal","Forward","Email","Random","Wireless",64.62,68.94,0.44,58.28
"Hacker_Passive","External","Forward","Email","Linear","Wireless",38.41,48.89,0.18,59.65
"Rogue_Employee","Internal","Forward","Cloud","Random","Hybrid",46.15,59.93,0.82,53.49
"Insider_Malware","External","Downward","Network","Random","Wired",37.61,66.31,0.04,30.08
"Rogue_Employee","Internal","Backward","USB","Random","Wireless",43.61,58.51,0.44,52.38
"Data_Leak","External","Forward","API","Random","Wireless",32.57,32.71,0.92,67.35
"Rogue_Employee","External","Upward","Cloud","Circular","Hybrid",56.7,81.91,0.06,74.49
"Data_Leak","External","Cross","API","Random","Hybrid",67.73,85.83,0.11,77.18
"Data_Leak","External","Downward","Email","Random","Wireless",54.25,55.28,0.28,70.71
"Virus","External","Cross","Cloud","Linear","Hybrid",75.68,78.72,0.93,56.97
"Hacker_Active","Internal","Cross","Network","Circular","Wired",25.4,63.69,0.48,54.81
"AI_Attack","Internal","Forward","USB","Random","Wired",38.73,64.09,0.77,51.29
"Rogue_Employee","Internal","Cross","Email","Random","Hybrid",57.87,82.08,0.9,74.08
"Hacker_Passive","External","Backward","USB","Linear","Wired",59.5,78.36,0.06,50.95
"Hacker_Active","External","Cross","Network","Circular","Wireless",54.9,58.33,0.87,63.05
"Data_Leak","Internal","Forward","Email","Circular","Wireless",76.19,55.36,0.24,73.92
"No_Encryption","External","Cross","USB","Random","Wireless",75.13,80.87,0.79,65.39
"No_Encryption","Internal","Backward","Email","Linear","Hybrid",28.11,50.02,0.98,62.8
"Virus","External","Downward","USB","Linear","Hybrid",43.74,55.91,0.68,53.7
"No_Encryption","External","Upward","Network","Circular","Wired",28.49,97.66,0.38,42.51
"Virus","External","Cross","Email","Circular","Hybrid",34.54,73.21,0.21,55.85
"Data_Leak","Internal","Cross","Cloud","Linear","Hybrid",53.72,61.12,0.08,47.16
"Virus","External","Forward","Email","Linear","Wireless",55.27,46.44,0.79,62.09
"Insider_Malware","Internal","Backward","Email","Random","Hybrid",38.29,84.35,0.64,60.47
"Data_Leak","External","Upward","Network","Linear","Wired",54.52,58.92,0.89,54.95
"Rogue_Employee","Internal","Downward","API","Random","Wireless",39.08,71.94,0.82,68.7
"No_Encryption","External","Forward","Network","Circular","Hybrid",53.74,93.8,0.77,81.82
"Data_Leak","Internal","Downward","USB","Linear","Wireless",51.7,65.61,0.77,60.83
"AI_Attack","External","Forward","Cloud","Linear","Hybrid",45.74,90.62,0.88,68.12
"Hacker_Active","External","Backward","Network","Linear","Hybrid",35.6,47.08,0.31,44.61
"No_Encryption","Internal","Downward","Email","Linear","Hybrid",43.02,34.74,0.62,58.5
"AI_Attack","Internal","Forward","Network","Random","Hybrid",57.37,76.54,0.72,60.46
"No_Encryption","External","Backward","API","Circular","Wired",42.59,93.81,0.85,66.88
"Insider_Malware","External","Downward","Email","Circular","Wireless",45.12,59.47,0.91,65.77
"AI_Attack","External","Backward","API","Linear","Hybrid",33.95,64.9,0.92,62.61
"Weak_Password","Internal","Downward","Cloud","Linear","Hybrid",43.49,88.52,0.11,65.87
"No_Encryption","External","Cross","USB","Circular","Hybrid",49.63,60.91,0.17,46.7
"Virus","Internal","Upward","Cloud","Random","Hybrid",39.06,47.6,0.53,62.86
"Insider_Malware","Internal","Forward","Cloud","Linear","Hybrid",44.26,53.48,0.94,35.59
"Hacker_Active","External","Forward","Cloud","Linear","Wired",33.49,66.54,0.36,73.65
"Rogue_Employee","Internal","Backward","API","Linear","Wired",61.24,39.02,0.78,70.26
"Supply_Chain","Internal","Cross","API","Circular","Wired",83.15,86.18,0.14,59.26
"AI_Attack","Internal","Backward","Email","Random","Hybrid",43.62,81.48,0.76,85.32
"Supply_Chain","External","Downward","USB","Circular","Wired",57,86.85,0.07,51.78
"Supply_Chain","Internal","Backward","Network","Circular","Wired",73.73,100.91,0.53,79.09
"Weak_Password","Internal","Backward","Cloud","Random","Wired",44.23,89.75,0.12,70.52
"Data_Leak","Internal","Downward","Network","Circular","Wireless",44.16,98.96,0.17,92.84
"Hacker_Active","Internal","Cross","Email","Linear","Wired",59.71,62.99,0.39,79.04
"Virus","Internal","Downward","Email","Linear","Wireless",35.71,93.21,0.11,71.42
"AI_Attack","Internal","Backward","Network","Linear","Wireless",47.4,43,0.16,68.74
"Supply_Chain","External","Cross","Email","Circular","Hybrid",41.7,82.27,0.62,68.01
"Hacker_Passive","Internal","Downward","Cloud","Circular","Wired",35.48,103.16,0.07,72.95
"Hacker_Active","External","Forward","Email","Linear","Hybrid",56.31,111.15,0.44,71.45
"Virus","External","Upward","Network","Linear","Wireless",47.92,75.82,0.68,78.01
"Virus","External","Downward","USB","Linear","Wireless",82.54,85.29,0.86,57.89
"Insider_Malware","Internal","Downward","USB","Random","Wireless",7.35,48.43,0.37,86.55
"Insider_Malware","External","Cross","Cloud","Linear","Hybrid",59.68,39.32,0.49,59.62
"Supply_Chain","External","Upward","Network","Circular","Wired",37.68,69.75,0.64,40.41
"Weak_Password","External","Downward","USB","Random","Hybrid",45.71,75.86,0.36,79.13
"Virus","External","Forward","Network","Linear","Wired",33.67,67.35,0.8,38.66
"AI_Attack","External","Backward","USB","Circular","Wireless",58.68,53.95,0.93,60.57
"AI_Attack","Internal","Downward","Email","Linear","Wireless",70.33,45.56,0.21,47.27
"Hacker_Active","External","Downward","Email","Random","Hybrid",57.34,88.82,0.4,79.61
"No_Encryption","Internal","Upward","Cloud","Linear","Hybrid",36.32,90.12,0.7,69.98
"Supply_Chain","External","Upward","API","Random","Wireless",74.22,66.82,0.25,49.76
"No_Encryption","External","Forward","Cloud","Random","Hybrid",47.54,103.62,0.16,75.99
"Data_Leak","Internal","Backward","Email","Circular","Hybrid",52.68,70.31,0.75,63.27
"Data_Leak","Internal","Backward","API","Circular","Wired",49.26,89.54,0.25,70.47
"Rogue_Employee","External","Backward","Cloud","Circular","Wireless",46.76,56.57,0.93,73.67
"Hacker_Active","External","Upward","Network","Circular","Wireless",51.21,82.12,0.06,52.39
"Supply_Chain","External","Backward","Email","Linear","Wired",34.54,83.2,0.16,64.01
"Supply_Chain","Internal","Upward","Network","Linear","Hybrid",67.3,75.79,0.79,22.1
"Rogue_Employee","External","Upward","USB","Linear","Hybrid",59.69,91.82,0.39,54.73
"Hacker_Passive","Internal","Forward","Email","Random","Wired",51.18,67.33,0.06,72.7
"Weak_Password","External","Downward","API","Random","Wired",64.18,29.88,0.36,75.28
"Hacker_Passive","Internal","Upward","API","Random","Wireless",31.67,63.27,0.18,68.92
"Virus","Internal","Upward","Email","Random","Hybrid",66.28,85.19,0.51,63.7
"Insider_Malware","Internal","Downward","Network","Linear","Hybrid",53.18,32.52,0.32,71.23
"No_Encryption","External","Cross","Cloud","Linear","Hybrid",57.55,35.7,0.63,46.08
"Weak_Password","Internal","Upward","API","Circular","Wired",43.16,70.46,0.84,49.88
"Rogue_Employee","External","Cross","Email","Random","Wired",38.27,72.41,0.77,46.31
"Hacker_Active","Internal","Cross","Cloud","Circular","Hybrid",41.81,94.38,0.35,65.28
"Rogue_Employee","Internal","Cross","Email","Random","Wired",65.54,68.77,0.85,60.94
"Supply_Chain","Internal","Cross","API","Linear","Hybrid",66.36,80.16,0.3,65.91
"Data_Leak","Internal","Forward","API","Random","Hybrid",73.32,75.47,0.23,65.86
"Rogue_Employee","External","Upward","Cloud","Random","Wireless",49.07,84.89,0.92,77.42
"Insider_Malware","External","Downward","USB","Linear","Wired",38.66,88.32,0.49,86.13
"Virus","Internal","Forward","USB","Circular","Wireless",72.09,43.33,0.15,40.36
"Data_Leak","External","Backward","USB","Linear","Wired",26.72,56.33,0.78,66.52
"Data_Leak","External","Backward","API","Linear","Wired",47.62,88.37,0.59,50.88
"Virus","External","Downward","API","Linear","Hybrid",59.05,26.66,0.28,81.16
"AI_Attack","External","Upward","USB","Linear","Hybrid",32.57,18.62,0.4,70.49
"No_Encryption","External","Downward","Email","Linear","Wired",26.6,72.72,0.68,77.87
"Virus","Internal","Upward","USB","Circular","Wireless",57.34,70.67,0.99,41.46
"Rogue_Employee","External","Upward","Cloud","Random","Hybrid",74.32,63.05,0.96,61.23
"Rogue_Employee","Internal","Forward","API","Circular","Wired",39.28,86.97,0.59,84.19
"Supply_Chain","External","Backward","Network","Circular","Hybrid",39.7,93.85,0.09,47.02
"Supply_Chain","Internal","Upward","Cloud","Linear","Wireless",35.88,89.87,0.98,45.07
"Rogue_Employee","External","Upward","Cloud","Random","Wired",72.27,66.47,0.77,57.85
"Weak_Password","External","Forward","Network","Random","Wired",39.38,69.46,0.39,49.98
"Virus","External","Forward","Cloud","Circular","Wireless",37.44,76.1,0.47,72.5
"AI_Attack","External","Upward","API","Random","Hybrid",37.94,27.48,0.13,53.67
"Insider_Malware","Internal","Downward","Network","Linear","Wireless",41.18,49.92,0.16,56.87
"No_Encryption","Internal","Backward","Network","Circular","Wired",41.03,85.94,0.23,39.77
"Supply_Chain","Internal","Cross","USB","Random","Wired",59.1,74.94,0.6,65.31
"Rogue_Employee","External","Backward","Email","Linear","Wired",54.53,43.95,0.43,70.11
"Data_Leak","External","Cross","Network","Random","Hybrid",57.12,95.78,0.48,40.74
"Insider_Malware","Internal","Backward","Network","Circular","Wired",40.55,79.8,0.61,81.74
"AI_Attack","External","Downward","Network","Linear","Wireless",60.87,57.95,0.15,46.07
"Insider_Malware","External","Cross","Email","Linear","Wireless",4.35,70.23,0.16,66.84
"Rogue_Employee","External","Downward","Network","Linear","Hybrid",66.92,71.34,0.51,62.6
"AI_Attack","External","Upward","Email","Random","Hybrid",53,64.04,0.3,46.88
"Hacker_Passive","Internal","Cross","API","Random","Wired",43.92,66.34,0.72,51.72
"Insider_Malware","External","Forward","Cloud","Circular","Hybrid",57.13,67.03,0.18,74.23
"Rogue_Employee","External","Forward","Email","Linear","Wired",31.65,83.2,0.42,59.01
"Insider_Malware","External","Downward","Email","Linear","Wireless",40.51,89.99,0.64,57.56
"No_Encryption","External","Backward","Cloud","Linear","Wireless",51.64,81.04,0.96,73.93
"No_Encryption","Internal","Backward","Cloud","Circular","Wireless",26.56,104.92,0.57,65.71
"Weak_Password","External","Backward","API","Random","Wired",49.4,82.41,0.94,56.46
"Hacker_Active","Internal","Upward","API","Circular","Hybrid",49.46,76.45,0.09,62.86
"Virus","Internal","Downward","USB","Random","Wireless",45.82,86.81,0.23,40.02
"Hacker_Active","External","Backward","API","Circular","Wireless",30.6,67.29,0.21,63.91
"Supply_Chain","External","Downward","Network","Linear","Hybrid",67.5,84.65,0.92,92.86
"Insider_Malware","Internal","Downward","Cloud","Circular","Wired",27.72,110.1,0.19,56.65
"Insider_Malware","Internal","Cross","USB","Circular","Wireless",27.84,65.84,0.9,51.63
"Hacker_Passive","Internal","Forward","API","Linear","Wired",41.26,90.69,0.49,80.62
"No_Encryption","External","Downward","Cloud","Random","Hybrid",73.24,70.5,0.26,72.52
"Rogue_Employee","External","Backward","USB","Random","Wired",51.6,55.04,0.49,81.27
"AI_Attack","Internal","Backward","Network","Linear","Hybrid",53.89,92.67,0.94,68.89
"Hacker_Passive","External","Cross","Network","Circular","Hybrid",46.76,79.18,0.91,66.15
"Weak_Password","Internal","Cross","USB","Circular","Wired",54.06,63.66,0.95,70.33
"AI_Attack","Internal","Downward","Cloud","Circular","Wired",59.5,105.23,0.87,47.16
"Data_Leak","External","Upward","API","Random","Wired",60.61,32.87,0.73,64.04
"No_Encryption","Internal","Cross","API","Circular","Wireless",70.56,68.74,0.37,66.6
"Data_Leak","Internal","Forward","API","Circular","Hybrid",38.33,65.83,0.81,88
"Weak_Password","External","Cross","Cloud","Random","Wired",47.63,67.38,0.44,72.86
"Rogue_Employee","Internal","Forward","API","Circular","Wired",56.2,72.42,0.16,84.55
"Data_Leak","External","Downward","Cloud","Circular","Wired",62.38,107.23,0.37,60.88
"Supply_Chain","External","Forward","USB","Circular","Wired",45,28.49,0.97,47.38
"No_Encryption","Internal","Upward","API","Random","Wireless",59.76,90.74,0.45,47.79
"Data_Leak","External","Backward","Email","Random","Wireless",41.77,54.79,0.28,40.67
"Hacker_Passive","Internal","Downward","Email","Random","Hybrid",44.88,88.84,0.46,33.06
"Rogue_Employee","Internal","Forward","Cloud","Linear","Hybrid",65.18,61.05,0.36,54.34
"Data_Leak","External","Backward","Email","Linear","Hybrid",21.76,87.23,0.79,52.79
"Rogue_Employee","External","Downward","Email","Linear","Wired",53.32,65.56,0.7,81.26
"Virus","External","Backward","Network","Random","Hybrid",63.89,57.79,0.41,35.61
"No_Encryption","External","Upward","API","Random","Wireless",44.83,45.44,0.54,62.38
"Rogue_Employee","Internal","Cross","Cloud","Linear","Wireless",59.37,50.05,0.24,53.58
"Hacker_Passive","Internal","Downward","Email","Circular","Wired",39.4,62.74,0.95,69.86
"Weak_Password","External","Backward","API","Circular","Wired",52.57,69.19,0.81,71.59
"Hacker_Active","External","Downward","Email","Linear","Wireless",50.15,80.29,0.23,47.4
"Insider_Malware","Internal","Downward","Network","Circular","Wired",49.57,68.47,0.33,57.45
"Weak_Password","Internal","Upward","USB","Linear","Wired",30.86,94.65,0.3,56.76
"Supply_Chain","External","Upward","Email","Linear","Hybrid",47.56,45.2,0.46,44.22
"Insider_Malware","External","Forward","Email","Random","Wireless",37.79,81.1,0.6,61.77
"Data_Leak","Internal","Backward","Cloud","Circular","Wired",44.61,88.33,0.55,54.53
"Hacker_Passive","Internal","Forward","Email","Circular","Wired",65.36,80.21,0.71,50.25
"AI_Attack","Internal","Downward","API","Linear","Hybrid",41.5,67.42,0.85,44.74
"AI_Attack","Internal","Backward","Email","Circular","Wireless",49.51,59.89,1,60.87
"Hacker_Passive","External","Forward","Email","Circular","Wired",51.55,41.81,0.45,61.18
"Insider_Malware","Internal","Upward","Cloud","Linear","Wired",47.16,39.13,0.1,50.34
"Rogue_Employee","Internal","Forward","Network","Linear","Wired",62.09,83.97,0.44,84
"Rogue_Employee","Internal","Backward","Email","Linear","Wired",49.36,63.64,0.87,42.59
"Hacker_Passive","Internal","Upward","API","Circular","Wireless",52.32,39.71,0.64,57.16
"Weak_Password","Internal","Forward","Email","Circular","Hybrid",36.65,80.31,0.81,49.09
"No_Encryption","External","Downward","Email","Random","Hybrid",44.27,85.79,0.22,72.84
"Hacker_Active","External","Downward","USB","Linear","Wireless",40.29,26.98,0.86,76.74
"No_Encryption","External","Backward","Email","Random","Wired",57.11,106.76,0.49,23.08
"Rogue_Employee","Internal","Cross","Email","Circular","Hybrid",67.27,94.7,0.1,51.3
"Weak_Password","External","Cross","Email","Random","Wired",43.09,44.67,0.73,31.45
"Insider_Malware","External","Cross","Network","Random","Wireless",16.77,53.92,0.64,87.55
"Hacker_Active","Internal","Cross","Network","Linear","Hybrid",37.32,74.17,0.51,62.09
"No_Encryption","External","Backward","Network","Random","Wired",35.99,77.29,0.31,66.58
"No_Encryption","Internal","Backward","Network","Linear","Hybrid",67.71,46.19,0.3,60.25
"AI_Attack","External","Cross","Email","Random","Wireless",52.14,57.26,0.04,36.65
"Hacker_Active","Internal","Backward","Email","Random","Hybrid",73.47,131.67,0.15,36.23
"Rogue_Employee","External","Upward","API","Random","Hybrid",56.01,88.75,0.18,73.22
"Insider_Malware","External","Upward","API","Random","Hybrid",26.79,97.81,0.48,65.43
"Hacker_Active","Internal","Downward","Email","Linear","Wired",57.42,54.13,0.15,49.05
"Hacker_Active","External","Backward","Email","Linear","Wired",38.78,63.85,0.82,38.57
"Hacker_Passive","External","Downward","USB","Circular","Wired",50.01,42.97,0.95,70.39
"Hacker_Passive","Internal","Backward","Network","Circular","Wired",48.48,77.25,0.86,46.41
"Virus","Internal","Cross","Email","Circular","Hybrid",47.84,69,0.24,55.52
"Insider_Malware","External","Cross","Email","Circular","Hybrid",45.03,116.24,0.91,71.82
"Insider_Malware","Internal","Forward","USB","Circular","Hybrid",78.82,63.64,0.82,46.75
"Supply_Chain","External","Downward","Network","Circular","Hybrid",72.65,70.21,0.72,40.14
"Data_Leak","Internal","Downward","Email","Circular","Hybrid",36.66,51.18,0.73,88.99
"AI_Attack","External","Cross","Network","Linear","Wired",52.98,74.61,0.08,52.16
"No_Encryption","External","Upward","API","Random","Wired",67.27,54.32,0.21,86.89
"No_Encryption","External","Downward","Cloud","Circular","Wired",66.54,49.23,0.7,53.01
"Hacker_Passive","External","Downward","Email","Linear","Wireless",36.57,67.92,0.7,66.41
"Hacker_Passive","Internal","Forward","Cloud","Linear","Wireless",71.15,51.93,0.46,67.85
"Supply_Chain","External","Upward","API","Linear","Wired",39.43,52.75,0.71,42.34
"Rogue_Employee","External","Cross","USB","Circular","Wireless",51.9,80.2,0.36,48.94
"Virus","Internal","Downward","Network","Random","Wired",52.53,91.78,0.12,88
"Virus","External","Cross","Cloud","Circular","Wireless",21.2,87.38,0.8,59.64
"No_Encryption","External","Downward","USB","Random","Wireless",48,69.9,0.77,75.91
"Insider_Malware","Internal","Backward","Email","Linear","Wired",18.49,71.82,0.55,35.41
"Supply_Chain","Internal","Forward","Cloud","Random","Hybrid",20.5,54.85,0.5,74
"Hacker_Passive","Internal","Cross","Network","Circular","Wireless",54.81,75.9,0.3,55.46
"Hacker_Passive","Internal","Backward","Cloud","Circular","Wired",55.12,89.97,0.41,57.36
"AI_Attack","Internal","Downward","USB","Linear","Hybrid",64.62,50.56,0.43,51.94
"Weak_Password","Internal","Upward","Network","Random","Wireless",55.69,89.98,0.19,58.91
"Hacker_Passive","Internal","Forward","Email","Random","Wired",39.89,57.01,0.32,62.88
"Insider_Malware","External","Backward","API","Random","Wireless",37.99,78.6,0.43,34
"Data_Leak","Internal","Downward","USB","Random","Hybrid",62.07,42.23,0.64,47.98
"AI_Attack","External","Forward","Email","Random","Wired",71.77,73.42,0.14,66.78
"Weak_Password","External","Cross","Cloud","Linear","Hybrid",61.98,96.21,0.09,58.17
"AI_Attack","External","Upward","USB","Circular","Hybrid",53.25,68.44,0.49,61.56
"Rogue_Employee","Internal","Backward","Cloud","Random","Wired",48.97,38.34,0.67,55.52
"Hacker_Active","Internal","Downward","USB","Random","Wired",74.43,102.63,0.45,78.27
"Hacker_Passive","Internal","Forward","Network","Circular","Wired",12.62,53.56,0.83,60.03
"Supply_Chain","Internal","Downward","Cloud","Linear","Wireless",64.89,50.39,0.4,58.81
"Supply_Chain","External","Downward","Email","Random","Wireless",47.48,57.69,0.29,70.35
"Virus","Internal","Upward","Cloud","Circular","Wireless",33.09,50.09,0.87,94.44
"No_Encryption","External","Downward","Network","Linear","Wireless",62.55,73.94,0.15,68.17
"AI_Attack","Internal","Cross","Cloud","Random","Wired",35.3,76.66,0.27,77.39
"Insider_Malware","Internal","Forward","Cloud","Random","Wired",55.16,62.78,0.18,47.61
"No_Encryption","External","Cross","USB","Random","Wireless",52.78,86.45,0.45,61.11
"Insider_Malware","Internal","Upward","Network","Linear","Hybrid",52.12,78.92,0.73,52.6
"No_Encryption","Internal","Upward","Email","Linear","Hybrid",22.22,44.42,0.81,73.42
"Hacker_Passive","External","Downward","Email","Circular","Wired",52.44,83.19,0.15,62.16
"Hacker_Passive","External","Cross","API","Linear","Wired",42.6,44.02,0.91,69.63
"Hacker_Passive","Internal","Backward","Cloud","Circular","Wired",39.44,68.32,0.87,100.23
"AI_Attack","Internal","Downward","USB","Random","Wireless",32.25,64.53,0.46,50.13
"Rogue_Employee","Internal","Backward","Network","Linear","Wired",32.92,54.02,0.03,68.3
"Data_Leak","Internal","Backward","Network","Linear","Wireless",37.32,92.52,0.53,44.57
"Hacker_Active","Internal","Backward","API","Random","Hybrid",68.7,70.52,0.24,49.04
"No_Encryption","Internal","Upward","Network","Linear","Wireless",60.43,80.37,0.86,76.6
"Rogue_Employee","External","Forward","Cloud","Circular","Wireless",54.12,69.1,0.14,58.75
"Hacker_Active","Internal","Downward","Email","Linear","Wireless",75.75,52.31,0.63,65.29
"Data_Leak","Internal","Backward","USB","Linear","Wired",74.18,81.62,0.5,49.25
"AI_Attack","External","Upward","Cloud","Random","Wireless",63.54,54.06,0.63,58.05
"Data_Leak","External","Forward","Cloud","Random","Wireless",32.25,86.99,0.17,45.18
"Hacker_Passive","Internal","Downward","Network","Circular","Hybrid",71.5,118.34,0.4,68.9
"Virus","Internal","Cross","Email","Circular","Hybrid",46.97,76.86,0.77,46.27
"Rogue_Employee","Internal","Downward","Cloud","Circular","Wireless",46.36,83.49,0.54,55.21
"Virus","Internal","Downward","Email","Circular","Hybrid",53.56,78.74,0.94,53.53
"Hacker_Passive","External","Cross","API","Random","Wireless",50.94,95.02,0.5,62.33
"Weak_Password","External","Backward","USB","Linear","Hybrid",42.59,45.02,0.71,53.96
"AI_Attack","External","Cross","USB","Random","Hybrid",60.27,50.87,0.72,40.57
"No_Encryption","External","Forward","Email","Linear","Wired",42.77,71.48,0.84,64.2
"AI_Attack","External","Backward","Cloud","Circular","Hybrid",41.53,68.81,0.44,71.44
"No_Encryption","Internal","Cross","Email","Circular","Hybrid",46.19,46.98,0.45,85.06
"No_Encryption","Internal","Forward","Email","Random","Hybrid",38.6,34.92,0.38,38.21
"No_Encryption","Internal","Forward","Network","Linear","Wired",52.31,60.57,0.03,81.38
"No_Encryption","Internal","Downward","API","Random","Wired",48.54,102.9,0.47,44.64
"Rogue_Employee","Internal","Backward","USB","Random","Hybrid",45.56,114.88,0.56,57.2
"Rogue_Employee","Internal","Downward","API","Linear","Wireless",56.96,86.7,0.32,41.83
"Hacker_Active","Internal","Backward","Cloud","Circular","Wired",22.63,37.59,0.92,82.93
"Supply_Chain","Internal","Upward","USB","Linear","Wireless",53.79,84.99,0.94,62.09
"Data_Leak","Internal","Forward","Network","Linear","Hybrid",63.52,59.2,0.78,59.36
"Hacker_Active","Internal","Downward","Email","Random","Hybrid",63.21,72.56,0.14,66.55
"Weak_Password","External","Forward","USB","Linear","Hybrid",83.48,83.55,0,102.84
"Data_Leak","Internal","Backward","Cloud","Linear","Hybrid",40.4,103.2,0.89,50.15
"Insider_Malware","External","Backward","Email","Circular","Wired",35.3,72.69,0.15,66.72
"Insider_Malware","External","Downward","Email","Linear","Hybrid",54.89,55.93,0.5,61.46
"Rogue_Employee","External","Cross","USB","Circular","Wireless",24.72,85.3,0.04,62.56
"Rogue_Employee","Internal","Downward","Email","Random","Wireless",68.16,86.4,0.02,76.73
"No_Encryption","External","Backward","USB","Circular","Hybrid",34.29,88.08,0.35,63.04
"No_Encryption","Internal","Cross","Email","Random","Wired",56.58,92.88,0.29,58.82
"Hacker_Active","External","Forward","API","Circular","Wireless",44.93,75.78,0.03,64.73
"Insider_Malware","External","Downward","USB","Linear","Wired",14.31,51.13,0.88,49.29
"Data_Leak","External","Cross","Cloud","Circular","Wireless",53.89,72.66,0.89,88.13
"Rogue_Employee","Internal","Cross","Email","Random","Hybrid",33.45,34.76,0.1,87.9
"AI_Attack","Internal","Forward","API","Random","Hybrid",63.83,93.02,0.64,48.05
"Rogue_Employee","External","Upward","API","Circular","Wireless",13.23,80.11,0.55,31.68
"Weak_Password","External","Cross","USB","Circular","Wired",48.03,84.05,0.92,89.28
"Hacker_Active","External","Backward","API","Linear","Wireless",34.2,73.22,0.11,67.39
"Virus","External","Forward","API","Circular","Hybrid",66.91,22.18,0.57,38.9
"AI_Attack","Internal","Forward","Email","Random","Hybrid",39.08,57.81,0.53,47.84
"Supply_Chain","External","Cross","API","Linear","Wired",64.03,88.89,0.25,44.56
"No_Encryption","Internal","Downward","API","Random","Wired",42.98,64.53,0.85,61.97
"Hacker_Passive","Internal","Upward","Network","Linear","Wireless",51.95,86.74,0.73,55.87
"Rogue_Employee","External","Cross","Network","Random","Wired",71.94,51.25,0.42,80.62
"Rogue_Employee","External","Forward","USB","Linear","Wired",39.77,75.16,0.4,87.92
"Virus","External","Cross","Email","Linear","Wireless",77.28,59.04,0.83,73.64
"Rogue_Employee","External","Forward","Network","Linear","Wireless",64.79,57.02,0.57,59.68
"Insider_Malware","External","Forward","Network","Random","Hybrid",69.27,66.28,0.77,76.77
"Weak_Password","Internal","Downward","Cloud","Circular","Hybrid",16.3,104.3,0.11,48.79
"Hacker_Passive","External","Backward","Cloud","Circular","Hybrid",47.47,73.44,0.89,50.25
"Hacker_Active","Internal","Upward","Cloud","Circular","Wireless",28,74.45,0.11,60.37
"Data_Leak","External","Downward","Network","Circular","Hybrid",61.39,101.84,0.91,57.22
"AI_Attack","External","Backward","Email","Random","Wireless",68.34,64.25,0.19,48.37
"Supply_Chain","Internal","Backward","Email","Circular","Hybrid",40.74,80.35,0.84,65.57
"Supply_Chain","Internal","Downward","Email","Random","Wireless",42.32,55.54,0.87,50.63
"Data_Leak","External","Forward","API","Linear","Wireless",25.68,86.97,0.65,77.01
"Virus","External","Backward","API","Linear","Wired",61.86,43.06,1,54.73
"Insider_Malware","Internal","Cross","USB","Linear","Wireless",71.92,68.88,0.52,54.59
"AI_Attack","External","Forward","Email","Random","Wireless",24.5,92.55,0.36,59.04
"AI_Attack","Internal","Backward","Cloud","Linear","Wireless",22.81,96.77,0.55,80.43
"Weak_Password","External","Backward","Cloud","Linear","Wired",67.16,68.27,0.86,69.17
"Insider_Malware","External","Cross","Cloud","Random","Wired",70.23,22.21,0.64,65.46
"Virus","Internal","Forward","USB","Random","Wired",55.57,102.9,0,75.38
"No_Encryption","External","Cross","Network","Random","Hybrid",53.63,57.55,0.18,43.74
"Data_Leak","External","Cross","API","Linear","Hybrid",40.68,84.36,0.27,77.2
"AI_Attack","Internal","Downward","Cloud","Circular","Hybrid",55.09,36.07,0.28,60.13
"Weak_Password","External","Downward","USB","Linear","Hybrid",43.22,61.08,0.35,38.35
"Supply_Chain","Internal","Backward","Email","Random","Wired",80.65,102.62,0.31,51.18
"Data_Leak","External","Forward","Network","Random","Wired",43.26,76.86,0.42,54.52
"Virus","Internal","Upward","USB","Circular","Wired",2.94,76.87,0.3,82.79
"AI_Attack","Internal","Downward","API","Random","Wireless",57.5,87.96,0.67,30.04
"No_Encryption","Internal","Forward","Cloud","Circular","Hybrid",31.14,42.71,0.39,54.8
"Virus","External","Cross","Network","Linear","Hybrid",62.34,70.64,0.23,45.53
"Supply_Chain","Internal","Downward","API","Circular","Wired",26.81,79.5,0.48,64.04
"Rogue_Employee","Internal","Upward","Network","Random","Wireless",46.12,92.66,0.07,60.27
"No_Encryption","Internal","Cross","API","Circular","Wired",55.86,53.81,0.21,75.83
"Rogue_Employee","External","Forward","API","Random","Hybrid",47.04,74.68,0.84,74.87
"Weak_Password","Internal","Cross","USB","Random","Hybrid",20.8,83.33,0.01,70.69
"Rogue_Employee","External","Downward","Cloud","Circular","Hybrid",28.59,144.31,0.54,86.93
"No_Encryption","Internal","Downward","Cloud","Circular","Hybrid",37.24,101.8,0.98,43.77
"Hacker_Active","External","Backward","API","Random","Hybrid",74.37,22.59,0.07,52.61
"Weak_Password","External","Cross","Network","Random","Wired",48.1,70.34,0.21,74.47
"Insider_Malware","External","Upward","Cloud","Linear","Wireless",69.13,73.82,0.48,51.25
"Weak_Password","Internal","Cross","API","Random","Wired",52.69,86.36,0.85,41.26
"Insider_Malware","Internal","Forward","Network","Linear","Hybrid",42.59,56.02,0.17,65.25
"Virus","Internal","Upward","Email","Linear","Hybrid",66.91,89.93,0.27,72.22
"Data_Leak","External","Backward","API","Random","Hybrid",32.8,56.15,0.95,52.25
"Data_Leak","Internal","Upward","USB","Linear","Hybrid",72.22,67.93,0.69,19.62
"Insider_Malware","Internal","Upward","API","Linear","Hybrid",63.74,82.08,0.91,43.55
"Virus","External","Downward","API","Random","Hybrid",55.03,57.84,0.45,41.17
"Supply_Chain","Internal","Forward","Cloud","Linear","Hybrid",58.62,71.7,0,50.44
"Data_Leak","Internal","Forward","API","Circular","Wired",53.05,101.56,0.73,54.14
"AI_Attack","Internal","Backward","Email","Circular","Wired",43.29,60.73,0.94,74.92
"AI_Attack","Internal","Forward","USB","Random","Wired",44.85,46.83,0.03,38.65
"Hacker_Passive","Internal","Backward","Network","Circular","Wireless",40.94,84.47,0.21,50.83
"No_Encryption","External","Upward","API","Circular","Wired",68.58,54.31,0.59,48.92
"Hacker_Active","External","Forward","Network","Linear","Wireless",58.99,64.63,0.48,81.44
"AI_Attack","External","Cross","Network","Random","Hybrid",48.37,80.16,0.44,37.63
"No_Encryption","Internal","Forward","USB","Random","Hybrid",32.92,79.23,0.45,36.81
"Hacker_Passive","External","Downward","API","Random","Hybrid",54.8,93.59,0.92,75.59
"Data_Leak","External","Downward","Network","Circular","Wired",34.9,56.41,0.5,60.51
"Supply_Chain","Internal","Downward","USB","Random","Wired",37.23,63.63,0.37,51.26
"Hacker_Active","Internal","Cross","Cloud","Circular","Hybrid",80.58,56.84,0.81,49.18
"Insider_Malware","Internal","Cross","Email","Linear","Hybrid",29.06,66.75,0.35,21.23
"Data_Leak","External","Upward","USB","Random","Hybrid",36.76,109.79,0.07,64.07
"Data_Leak","Internal","Forward","API","Linear","Hybrid",41.29,68.78,0.03,57.87
"No_Encryption","Internal","Cross","Cloud","Random","Wired",41.06,69.44,0.94,76.56
"Hacker_Passive","External","Downward","Cloud","Linear","Hybrid",33.12,80.23,0.57,52.86
"Rogue_Employee","External","Forward","Email","Random","Wireless",47.18,45.66,0.84,75.14
"No_Encryption","External","Upward","API","Random","Wired",34.43,89.07,0.73,63.79
"Weak_Password","Internal","Backward","Network","Circular","Hybrid",70.14,68.83,0.98,71.12
"No_Encryption","External","Cross","API","Linear","Wireless",51.85,55.9,0.41,33.06
"Insider_Malware","Internal","Backward","USB","Linear","Wired",62.87,77.49,0.81,74.88
"Hacker_Passive","External","Upward","API","Random","Wired",28.92,66.34,0.28,71.74
"Hacker_Passive","External","Upward","Network","Linear","Wireless",49.78,66.97,0.55,79.7
"Supply_Chain","External","Downward","Network","Random","Wireless",58.18,67.7,0.64,59.16
"No_Encryption","Internal","Downward","USB","Linear","Hybrid",51.47,100.94,0.91,43.73
"Insider_Malware","External","Backward","USB","Linear","Wireless",50.26,58.94,0.12,57.87
"Data_Leak","Internal","Forward","Email","Linear","Wired",34.49,89.09,0.81,71.32
"No_Encryption","External","Cross","Email","Linear","Wired",40.57,73.29,0.62,73.22
"Weak_Password","External","Downward","Email","Random","Wireless",43.93,64.45,0.67,79.94
"Virus","External","Backward","Cloud","Linear","Hybrid",37.96,57.11,0.84,59
"AI_Attack","External","Backward","USB","Random","Hybrid",61.46,62.66,0.07,83.68
"AI_Attack","Internal","Forward","Cloud","Random","Hybrid",76.39,64.48,0.43,48.17
"Insider_Malware","External","Downward","Network","Linear","Hybrid",69.73,91.81,0.75,19.81
"Hacker_Passive","Internal","Backward","Cloud","Circular","Hybrid",56.34,54.37,0.35,63.43
"AI_Attack","Internal","Forward","Cloud","Linear","Wired",48.23,102.87,0.05,59.47
"Hacker_Active","Internal","Cross","Email","Linear","Wireless",58.64,66.58,0.36,40.44
"Hacker_Active","Internal","Forward","USB","Random","Wireless",38.17,56.93,0.77,62.07
"Hacker_Active","Internal","Cross","USB","Random","Wired",53.97,55.84,0.69,41.46
"Virus","External","Backward","Cloud","Random","Hybrid",52.5,73.76,0.74,47.47
"AI_Attack","External","Downward","USB","Linear","Wireless",14.82,104.96,0.1,80.99
"Hacker_Passive","External","Cross","Email","Random","Wired",78.45,65.51,0.51,14.13
"No_Encryption","External","Forward","Email","Random","Hybrid",30.03,68.09,0.2,64.8
"Hacker_Passive","Internal","Forward","USB","Random","Wired",10.61,74.1,0.13,53.15
"Hacker_Passive","External","Upward","API","Linear","Wired",49.99,71.27,0.07,50.67
"No_Encryption","External","Forward","Network","Circular","Wireless",51.61,55.17,0.22,61.96
"Insider_Malware","External","Forward","API","Random","Wireless",49.88,89.77,0.39,52.76
"Virus","Internal","Cross","Network","Random","Wireless",52.11,45.39,0.95,51.99
"Virus","External","Downward","USB","Linear","Hybrid",32.23,50.4,0.48,39.19
"Rogue_Employee","Internal","Downward","USB","Linear","Hybrid",58.89,61.69,0.23,83.99
"Data_Leak","External","Cross","Email","Linear","Wireless",70.71,64.43,0.53,73.58
"AI_Attack","External","Forward","Network","Linear","Wireless",37.42,91.08,0.79,40.97
"Data_Leak","Internal","Cross","USB","Linear","Wireless",54.59,57.54,0.43,55.3
"AI_Attack","Internal","Forward","USB","Circular","Wireless",45.94,66.44,0.22,69.89
"Weak_Password","External","Cross","Email","Linear","Wired",49.09,63.35,0.03,51.55
"Supply_Chain","External","Forward","Network","Random","Wireless",64.64,102.08,0.46,60.67
"Hacker_Passive","External","Backward","Network","Circular","Wired",54.17,98.98,0.1,61.76
"Weak_Password","External","Backward","Cloud","Linear","Wireless",78.98,48.83,0.6,84.46
"Hacker_Active","Internal","Forward","Email","Random","Wireless",45.02,78.73,0.38,48.23
"Supply_Chain","External","Upward","Email","Random","Wireless",72.23,44.06,0.61,71.5
"AI_Attack","External","Backward","Cloud","Linear","Wired",43.17,53.42,0.61,51.1
"AI_Attack","External","Upward","Email","Random","Hybrid",46.53,58.37,0.01,55.85
"AI_Attack","Internal","Forward","USB","Circular","Hybrid",45.09,53.05,0.57,59.25
"Weak_Password","External","Cross","Email","Random","Wired",54.32,74.57,0.83,64.68
"Data_Leak","Internal","Forward","Cloud","Circular","Hybrid",57,63.74,0.15,61.6
"AI_Attack","Internal","Backward","USB","Circular","Hybrid",52.18,76.12,0.87,52.78
"Hacker_Passive","Internal","Forward","Cloud","Random","Hybrid",58.99,94.59,0.85,59.81
"Supply_Chain","Internal","Upward","Network","Linear","Wired",38.27,93.42,0.26,63.8
"Supply_Chain","Internal","Backward","API","Circular","Wired",46.42,28.57,0.52,66.27
"No_Encryption","External","Upward","Cloud","Circular","Wired",59.78,64.91,0.12,39.88
"Hacker_Passive","Internal","Downward","USB","Circular","Wireless",65.57,79.53,0.36,56.69
"Rogue_Employee","External","Downward","Email","Linear","Hybrid",55.08,93.3,0.43,87.02
"No_Encryption","Internal","Forward","API","Random","Hybrid",60.64,58.59,0.61,51.48
"No_Encryption","External","Upward","Network","Random","Wired",62.6,72.56,0.86,60.78
"Rogue_Employee","Internal","Forward","Network","Random","Hybrid",59.14,102.64,0.8,74.94
"Supply_Chain","External","Backward","Cloud","Circular","Wired",46.64,73.98,0.23,41.7
"Hacker_Passive","Internal","Upward","Cloud","Random","Wired",47.53,107.52,0.73,40.21
"AI_Attack","Internal","Forward","API","Circular","Hybrid",59.33,25.66,0.52,77.55
"Data_Leak","Internal","Backward","Email","Circular","Wireless",43.17,110.68,0.35,69.42
"AI_Attack","External","Downward","Email","Linear","Hybrid",48.02,22.5,0.15,43.43
"AI_Attack","External","Downward","API","Linear","Hybrid",48.62,92.66,0.12,82.17
"Supply_Chain","External","Forward","API","Circular","Wireless",26.2,91.26,0.8,75.12
"No_Encryption","Internal","Backward","API","Linear","Hybrid",55.01,62.4,0.81,86.24
"Rogue_Employee","External","Backward","Network","Linear","Hybrid",58.55,63.38,0.16,41.86
"Insider_Malware","External","Forward","API","Linear","Hybrid",49.08,77.11,0.15,75.63
"Virus","External","Upward","Email","Linear","Wired",76.91,73.4,0.73,61.47
"AI_Attack","Internal","Backward","Cloud","Circular","Wired",47.36,74.78,0.25,31.31
"No_Encryption","External","Cross","Cloud","Random","Hybrid",58.68,96.28,0.5,47.32
"Rogue_Employee","External","Downward","USB","Circular","Wired",57.99,74.59,0.87,71.08
"Hacker_Active","External","Forward","Email","Random","Wired",61.77,28.71,0.07,71.51
"No_Encryption","External","Forward","Network","Linear","Wired",56.27,78.33,0.3,37.88
"Data_Leak","External","Downward","Email","Linear","Wired",47.13,63.55,0.61,60.19
"AI_Attack","Internal","Cross","Email","Circular","Wired",58.45,86.86,0.4,32.04
"Insider_Malware","External","Downward","Network","Linear","Wired",53.8,52.5,0.37,73.28
"Weak_Password","Internal","Backward","Email","Random","Wired",53.65,64.99,0.68,67.39
"Virus","External","Downward","Email","Random","Wireless",60.79,39.24,0.97,86.21
"Data_Leak","Internal","Cross","Network","Circular","Hybrid",61.59,40.33,0.91,56.07
"Supply_Chain","Internal","Cross","API","Linear","Wireless",49.87,35.11,0.38,67.5
"Data_Leak","Internal","Downward","Network","Circular","Wireless",44.16,70.48,0.16,49.67
"Data_Leak","External","Downward","Network","Random","Wireless",69.92,15.17,0.13,45.26
"Supply_Chain","External","Downward","API","Random","Wired",50.8,95.09,0.77,74.71
"Weak_Password","Internal","Cross","USB","Circular","Wired",44.36,56.99,1,73.85
"Weak_Password","Internal","Forward","Cloud","Linear","Hybrid",35.81,70.29,0.49,64.96
"Weak_Password","Internal","Upward","Cloud","Circular","Wireless",54.05,93.96,0.31,66.85
"Rogue_Employee","Internal","Cross","Cloud","Linear","Hybrid",55.81,76.02,0.92,64.75
"Virus","External","Upward","API","Random","Wired",32.93,78.43,0.91,66.14
"Rogue_Employee","Internal","Upward","Network","Random","Wireless",29.77,57.27,0.83,62.84
"No_Encryption","Internal","Upward","Email","Linear","Wireless",52.76,44.11,0.19,40.21
"No_Encryption","Internal","Downward","USB","Circular","Hybrid",37.72,82.83,0.48,29.98
"Supply_Chain","Internal","Forward","API","Random","Hybrid",70.23,65.94,0.58,40.23
"Rogue_Employee","Internal","Cross","Network","Linear","Hybrid",33.39,70,0.23,78.7
"Hacker_Active","Internal","Backward","USB","Random","Hybrid",26.77,53.51,0.22,43.2
"No_Encryption","Internal","Downward","Network","Circular","Hybrid",48.95,58.87,0.1,69
"Insider_Malware","Internal","Backward","API","Linear","Wired",57.02,24.17,0.19,71.97
"No_Encryption","External","Cross","USB","Linear","Hybrid",52.35,36.95,0.16,62.76
"Supply_Chain","Internal","Upward","API","Random","Hybrid",48.19,38.57,0.65,64.86
"Hacker_Active","Internal","Forward","Email","Linear","Hybrid",55.68,66.39,0.33,69.76
"No_Encryption","Internal","Cross","API","Linear","Wireless",38.47,48.67,0.62,83.74
"No_Encryption","External","Upward","Email","Circular","Wireless",53.4,77.78,0.11,59.97
"AI_Attack","Internal","Backward","Network","Random","Hybrid",37.49,70.7,0.24,55.37
"AI_Attack","Internal","Forward","API","Circular","Wireless",37.93,60.03,0.44,50.65
"Data_Leak","External","Cross","API","Random","Hybrid",51.6,37.89,0.55,74.07
"Hacker_Active","External","Cross","Network","Circular","Hybrid",56.17,56.58,0.3,61.54
"Data_Leak","External","Forward","Cloud","Linear","Hybrid",36.96,87.85,0.37,76.32
"No_Encryption","External","Upward","Network","Linear","Wired",26.74,79.54,0.98,39.73
"Weak_Password","Internal","Forward","Email","Linear","Wired",34.6,63.76,0.64,53.16
"Hacker_Active","Internal","Downward","API","Random","Wired",20,25.11,0.86,56.24
"Rogue_Employee","Internal","Forward","API","Random","Wireless",51.94,60.28,0.57,67.58
"Supply_Chain","External","Cross","USB","Random","Wireless",58.77,11.51,0.69,69.81
"Insider_Malware","External","Cross","USB","Circular","Wireless",77.03,105.48,0.3,56.77
"Data_Leak","Internal","Downward","API","Linear","Wired",36.58,70.67,0.29,63.4
"Supply_Chain","External","Downward","Network","Random","Hybrid",42.91,95.22,0.93,42.64
"AI_Attack","Internal","Downward","USB","Random","Wired",48.37,66.52,0.98,90.49
"Hacker_Active","Internal","Upward","Network","Circular","Hybrid",53.56,111.51,0.78,56.12
"Weak_Password","Internal","Forward","Cloud","Linear","Hybrid",38.02,52.03,0.39,58.53
"Virus","Internal","Cross","Cloud","Random","Hybrid",63.94,86.76,0.88,54.7
"Rogue_Employee","External","Forward","USB","Circular","Hybrid",44.3,69.78,0.49,45.1
"Data_Leak","External","Downward","USB","Linear","Hybrid",64.78,84.54,0.44,73.03
"Data_Leak","Internal","Backward","Cloud","Linear","Hybrid",25.56,43.5,0.03,32.75
"Rogue_Employee","External","Downward","Cloud","Linear","Wired",47.57,114.76,0.34,55.22
"No_Encryption","External","Backward","API","Linear","Wireless",55.19,76.05,0.86,61.87
"Virus","Internal","Cross","Email","Circular","Wireless",42.62,60.07,0.91,37.97
"Rogue_Employee","External","Upward","Email","Random","Wired",42.82,46.28,0.48,76.03
"Supply_Chain","External","Forward","Cloud","Random","Wireless",40.43,39.49,0.38,52.77
"Hacker_Active","Internal","Cross","API","Random","Wireless",51.55,33.67,0.15,69.89
"Hacker_Active","External","Downward","Cloud","Linear","Hybrid",68.93,35.65,0.17,32.74
"Supply_Chain","Internal","Upward","Network","Circular","Wired",34.64,70.79,0.5,55.82
"AI_Attack","External","Forward","USB","Linear","Wireless",48.51,92.43,0.75,61.02
"Virus","Internal","Cross","Email","Random","Wired",42.76,77.08,0.86,39.74
"AI_Attack","Internal","Downward","Network","Random","Hybrid",71.2,31.36,0.49,73.79
"Hacker_Passive","External","Forward","USB","Circular","Wireless",78.92,71.72,0.53,64.09
"Insider_Malware","External","Upward","Cloud","Circular","Wireless",57.51,100,0.19,58.58
"AI_Attack","Internal","Upward","API","Random","Wired",50.99,90.29,0.62,62.67
"Insider_Malware","External","Downward","Network","Random","Wired",70.49,106.88,0.22,59.19
"Supply_Chain","External","Downward","Email","Random","Wireless",43.08,78.39,0.86,70.05
"Rogue_Employee","External","Upward","API","Linear","Wired",49.15,4.21,0.59,62.73
"Hacker_Active","External","Forward","Cloud","Linear","Hybrid",65.75,82.85,0.18,83.08
"Supply_Chain","Internal","Downward","API","Random","Wired",51.59,74.26,0.09,53.75
"AI_Attack","External","Forward","Cloud","Random","Wireless",42.87,35.63,0.4,73.11
"Weak_Password","Internal","Upward","API","Circular","Wired",52.77,67.37,0.09,62.11
"Hacker_Passive","External","Downward","Network","Circular","Hybrid",43.29,56.56,0.76,92.43
"Hacker_Active","External","Forward","Cloud","Random","Hybrid",78.05,61.13,0.48,60.41
"No_Encryption","External","Forward","Cloud","Circular","Hybrid",44.25,79.43,0.08,61.93
"Hacker_Active","External","Downward","Network","Random","Hybrid",64.11,58.16,0.93,54.71
"Rogue_Employee","External","Downward","Network","Linear","Wireless",50.02,56.96,0.88,28.7
"AI_Attack","Internal","Cross","Cloud","Random","Wireless",69.96,40.86,0.91,30.39
"Hacker_Passive","External","Forward","Network","Random","Wireless",63.96,73.45,0.14,57.96
"Insider_Malware","Internal","Cross","USB","Linear","Wireless",40.27,81.02,0.12,61.38
"AI_Attack","Internal","Upward","USB","Linear","Wireless",54.23,81.43,0.61,49.65
"Supply_Chain","External","Downward","API","Random","Wireless",47.81,93.78,0.26,69.24
"Rogue_Employee","Internal","Downward","API","Circular","Wireless",57.54,22.69,0.57,80.43
"Hacker_Active","Internal","Upward","USB","Random","Hybrid",49.3,70.66,0.33,85.7
"Hacker_Passive","Internal","Upward","Email","Random","Hybrid",57.06,43.31,0.28,27.31
"Virus","Internal","Forward","Network","Random","Wired",48.25,82.18,0.3,72.15
"No_Encryption","Internal","Backward","USB","Linear","Wired",64.33,71.6,0.59,74.2
"Supply_Chain","Internal","Upward","Email","Random","Wired",54.7,48.63,0.77,70.39
"Insider_Malware","External","Upward","Cloud","Random","Wired",30.26,62.45,0.42,76.92
"Virus","External","Cross","API","Random","Wireless",49.69,98.06,0.09,57.79
"Rogue_Employee","Internal","Downward","Email","Linear","Wired",44.95,59.17,0.81,55.68
"Hacker_Active","Internal","Downward","Email","Random","Wireless",66.75,35.5,0.11,75.29
"Supply_Chain","Internal","Downward","Cloud","Linear","Wired",32.72,91.78,0.09,49.85
"No_Encryption","Internal","Cross","API","Circular","Wireless",19.33,93.4,0.24,73.39
"Weak_Password","Internal","Cross","API","Random","Wired",57.02,57.86,0.9,47.97
"Insider_Malware","External","Backward","USB","Linear","Hybrid",64.13,103.08,0.88,51.19
"Hacker_Active","External","Upward","USB","Circular","Hybrid",56.79,66.68,0.4,49.51
"Insider_Malware","External","Backward","Cloud","Circular","Hybrid",70.29,44.52,0.61,73.24
"No_Encryption","Internal","Cross","API","Circular","Hybrid",63.53,63.88,0.23,59.1
"Hacker_Passive","External","Upward","API","Linear","Wireless",36.05,75.09,0.69,68.07
"Insider_Malware","Internal","Upward","Network","Circular","Hybrid",63.96,81.25,0.14,95.64
"Supply_Chain","External","Forward","Network","Random","Wired",41.17,77.7,0.59,45.09
"AI_Attack","Internal","Forward","Cloud","Random","Wired",66.58,94.72,0.86,79.91
"Hacker_Passive","Internal","Forward","Network","Random","Hybrid",64.89,74.62,0.37,69.36
"Weak_Password","External","Downward","Email","Linear","Wireless",49.25,80.34,0.06,60.23
"Hacker_Passive","Internal","Backward","Cloud","Random","Wireless",66.02,90.51,0.86,42.28
"AI_Attack","Internal","Forward","API","Circular","Wired",45.98,66.67,0.55,102.68
"AI_Attack","Internal","Downward","Cloud","Random","Wired",65.17,54.17,0.99,35.12
